age,gender,zip_code,daily_kcal,protein_g,carbs_g,fat_g,fruit_portions
28,male,5045.0,1755.0,163,193,24,5
51,male,5620.0,1950.0,136,225,45,2
67,male,3535.0,2570.0,62,365,93,3
32,female,1035.0,2595.0,207,306,26,5
40,male,5610.0,2270.0,217,354,29,3
64,female,9730.0,2235.0,86,358,92,7
79,female,3540.0,1595.0,32,225,28,6
87,male,1825.0,1770.0,69,206,66,6
73,female,5630.0,2000.0,150,299,40,5
42,female,3550.0,2050.0,220,212,46,2
41,male,3035.0,2495.0,84,437,51,2
45,male,1035.0,2475.0,60,441,62,5
88,female,2515.0,1860.0,37,410,23,4
78,male,8920.0,2220.0,220,243,35,3
66,male,9720.0,2100.0,184,210,52,2
51,female,4815.0,1955.0,87,220,89,2
64,male,1825.0,2165.0,220,201,52,3
20,female,3035.0,2380.0,186,280,65,3
34,male,9710.0,2210.0,124,273,54,1
53,female,8920.0,1935.0,57,357,48,4
26,male,4820.0,2080.0,72,173,133,0
22,male,9730.0,1910.0,220,128,40,1
40,female,3515.0,2050.0,197,278,20,7
70,female,2545.0,2150.0,122,187,81,4
88,female,1030.0,1705.0,30,169,101,1
35,female,5025.0,2010.0,182,334,20,5
25,male,1030.0,2400.0,220,266,61,2
21,male,3515.0,2540.0,155,479,28,4
71,female,1030.0,1900.0,131,353,35,7
26,female,3510.0,2665.0,90,251,141,0
49,male,9710.0,2620.0,120,497,33,1
60,male,3550.0,2470.0,104,416,40,4
62,male,2015.0,2060.0,148,156,68,2
86,other,3510.0,2290.0,114,403,67,1
54,male,6225.0,2200.0,62,464,30,2
58,male,2515.0,2085.0,156,335,20,2
32,male,5025.0,2305.0,58,511,20,2
57,female,6535.0,1435.0,35,234,37,6
83,female,3025.0,1830.0,73,238,67,1
35,female,1825.0,2095.0,125,234,34,1
59,female,3025.0,2090.0,85,391,23,2
59,female,9710.0,2075.0,204,128,78,4
67,male,3535.0,2795.0,115,239,116,9
55,male,5015.0,2110.0,177,314,24,3
25,male,3025.0,1970.0,61,353,39,2
77,male,6225.0,2030.0,58,337,41,4
71,other,5645.0,2240.0,155,357,20,3
79,female,6215.0,1595.0,65,247,20,1
86,male,1825.0,1770.0,69,187,66,6
37,female,5020.0,2620.0,147,498,20,2
19,other,5620.0,2540.0,220,371,20,4
50,female,1035.0,2280.0,220,207,20,3
25,other,6225.0,2275.0,54,481,35,2
23,male,1825.0,1995.0,76,325,79,1
71,male,6535.0,1565.0,148,204,20,4
21,female,3515.0,1750.0,38,312,39,1
80,female,1035.0,1915.0,77,231,82,8
26,other,6225.0,2275.0,54,426,47,4
87,male,2515.0,1955.0,184,335,20,2
50,female,1035.0,1875.0,30,372,21,4
71,female,1030.0,1510.0,147,192,20,4
48,male,5630.0,2550.0,220,138,36,2
83,female,5635.0,1990.0,30,260,89,4
82,male,8925.0,2415.0,220,213,37,3
21,other,8920.0,2605.0,149,478,85,4
45,male,1815.0,2070.0,118,277,50,3
52,male,2515.0,2185.0,220,237,27,4
39,male,1825.0,2495.0,42,435,20,5
65,female,1035.0,1740.0,43,335,33,0
61,male,1030.0,1990.0,103,228,80,1
79,male,5025.0,2030.0,139,263,35,5
79,female,6220.0,2600.0,78,420,54,7
28,female,4810.0,2645.0,220,207,50,5
47,female,5015.0,2095.0,198,364,20,4
26,female,1825.0,2105.0,160,293,24,4
38,male,3515.0,2575.0,220,102,20,2
85,female,2515.0,1540.0,76,216,32,7
20,male,3040.0,2570.0,123,390,67,1
51,female,3515.0,1990.0,220,192,20,2
63,male,1825.0,2070.0,105,249,79,4
44,female,5620.0,1970.0,30,366,29,2
48,female,3515.0,1965.0,30,332,51,4
51,female,3510.0,2335.0,30,371,76,1
58,female,5630.0,1990.0,150,304,40,3
32,male,9730.0,1940.0,216,131,44,3
28,male,5635.0,2400.0,213,379,20,3
55,male,5630.0,2410.0,44,474,78,2
87,male,9730.0,2345.0,30,380,74,4
72,female,5020.0,2175.0,220,214,49,7
37,male,3025.0,2335.0,220,275,20,4
33,male,5025.0,1940.0,82,359,20,2
61,female,3025.0,1910.0,110,347,20,4
25,male,4815.0,2460.0,220,288,30,5
51,other,8910.0,2105.0,189,381,20,1
28,male,5630.0,2385.0,220,161,56,2
82,female,5615.0,2175.0,54,380,55,7
43,male,6225.0,2005.0,134,225,35,1
71,female,5620.0,1585.0,30,256,24,7
83,male,6225.0,2200.0,142,320,27,5
87,female,1035.0,1950.0,70,229,89,5
82,female,3515.0,1795.0,195,201,20,0
18,male,9735.0,2620.0,48,214,172,2
43,female,6210.0,2375.0,82,409,36,2
74,male,5045.0,2070.0,114,275,49,6
84,female,8910.0,1540.0,40,210,53,2
32,male,5645.0,2130.0,30,432,38,4
70,male,8920.0,2275.0,220,213,20,4
43,female,2015.0,1630.0,110,183,47,4
43,female,3510.0,1805.0,30,232,56,4
31,female,5635.0,2340.0,193,331,20,4
20,female,4815.0,2520.0,100,401,28,4
28,female,5025.0,1915.0,71,257,90,3
89,male,8925.0,2200.0,85,443,20,3
70,male,4825.0,2410.0,84,410,39,2
23,male,9730.0,1770.0,220,151,20,5
71,male,5620.0,2155.0,220,214,23,3
20,female,6215.0,2180.0,127,355,20,3
41,female,6210.0,2375.0,122,382,41,3
82,female,3530.0,1880.0,48,88,110,3
57,male,2545.0,2390.0,59,114,180,1
72,female,3515.0,1950.0,53,297,59,7
58,male,1035.0,2120.0,46,502,24,3
82,female,3515.0,1890.0,179,255,20,0
78,female,9710.0,1465.0,68,100,85,3
63,female,9730.0,2405.0,101,299,76,6
27,male,9710.0,2330.0,208,178,85,4
80,male,1030.0,2030.0,53,333,69,0
41,female,6515.0,1970.0,115,220,82,3
85,female,3515.0,1475.0,79,262,68,1
30,male,3550.0,1980.0,117,298,28,2
76,male,3515.0,2230.0,117,378,42,7
29,female,5025.0,1945.0,59,425,20,3
22,male,3515.0,2270.0,151,200,91,0
41,male,1815.0,1920.0,138,271,20,3
40,male,8910.0,2180.0,88,348,26,1
19,male,5035.0,2445.0,151,185,84,2
24,female,8920.0,2525.0,58,243,173,6
42,male,3025.0,2480.0,197,363,41,4
83,male,1045.0,2545.0,220,217,52,4
31,female,5025.0,1945.0,65,396,20,2
31,female,5620.0,2425.0,85,393,22,5
28,female,5035.0,2430.0,80,259,143,2
47,female,5635.0,1980.0,76,260,66,1
82,male,3530.0,2055.0,30,139,151,3
42,female,5620.0,2530.0,81,474,20,5
51,male,4815.0,2290.0,30,512,35,0
32,female,3025.0,2450.0,115,459,20,3
63,female,6215.0,1635.0,128,206,51,0
85,female,8910.0,1415.0,30,256,53,5
42,male,3040.0,2000.0,95,253,78,3
42,male,3025.0,1945.0,87,372,20,6
49,male,5630.0,2345.0,183,277,70,3
71,female,5620.0,1740.0,61,190,59,1
64,female,1045.0,1785.0,173,236,47,4
72,male,3510.0,1825.0,80,242,62,4
25,male,3025.0,2470.0,48,197,180,1
72,female,8925.0,2670.0,163,227,94,5
28,female,4820.0,1880.0,74,173,106,3
39,male,5045.0,2145.0,65,292,61,5
64,female,8920.0,2520.0,82,345,91,2
55,male,6535.0,2020.0,85,439,20,2
66,female,5610.0,1980.0,127,283,34,4
56,female,3510.0,2335.0,116,277,63,1
53,male,8920.0,2525.0,154,242,111,0
39,female,5620.0,2645.0,166,396,20,4
69,female,5010.0,2300.0,192,228,71,4
69,male,8910.0,2235.0,120,289,70,7
56,female,2545.0,2120.0,140,346,35,3
69,female,4815.0,1755.0,113,253,41,3
82,male,3510.0,1990.0,52,355,48,2
59,male,3025.0,2045.0,131,301,59,4
19,male,6225.0,2180.0,51,406,48,0
19,male,1815.0,2235.0,92,362,41,4
18,male,5615.0,2510.0,220,268,20,4
49,female,9710.0,1725.0,189,142,88,1
22,female,2015.0,2055.0,30,406,23,7
89,male,1030.0,1645.0,72,143,75,7
35,female,1035.0,2625.0,220,329,25,2
25,other,1035.0,2030.0,30,406,38,3
85,female,1030.0,1350.0,36,193,23,4
69,male,9730.0,1720.0,52,347,26,2
28,female,5035.0,2320.0,123,327,43,4
58,female,5615.0,1990.0,178,250,67,5
67,female,5620.0,1505.0,127,250,41,6
49,female,3035.0,2280.0,33,345,116,0
40,male,2545.0,2495.0,48,230,176,3
62,male,1035.0,2050.0,117,259,49,7
79,female,6535.0,1535.0,188,185,20,0
54,female,6210.0,2425.0,82,201,145,5
48,female,5025.0,2015.0,139,313,20,4
55,male,5635.0,2415.0,119,398,31,2
84,male,4810.0,2295.0,90,412,20,4
56,male,3040.0,2135.0,114,387,33,8
69,female,6215.0,1865.0,220,294,20,4
52,female,5035.0,2085.0,30,156,133,5
49,female,3515.0,1720.0,84,267,39,5
36,male,3025.0,2170.0,80,464,20,2
35,female,1025.0,2055.0,83,414,20,4
56,female,1035.0,1795.0,220,158,39,4
41,female,1825.0,1695.0,100,284,62,2
35,female,6220.0,2785.0,220,250,69,1
48,male,5610.0,2600.0,220,306,29,1
75,female,3535.0,2380.0,47,452,53,3
40,male,4815.0,2495.0,170,333,20,3
69,male,3025.0,2190.0,60,381,20,5
84,male,3535.0,2015.0,68,260,53,2
53,female,4815.0,2010.0,43,288,71,1
74,male,5620.0,2170.0,220,236,29,1
58,female,5630.0,1645.0,78,310,20,6
77,male,6225.0,1925.0,220,178,20,5
24,female,5635.0,1905.0,112,275,29,5
74,female,8910.0,1920.0,49,355,20,4
76,male,5020.0,2215.0,103,443,20,4
64,male,3035.0,2240.0,96,361,76,5
56,female,4810.0,2665.0,140,420,42,2
70,male,8920.0,1760.0,81,149,110,4
27,male,5615.0,2195.0,107,224,95,6
81,male,3025.0,1750.0,113,231,57,6
84,female,8910.0,1620.0,45,341,41,3
42,male,3510.0,2470.0,45,394,80,0
47,other,6210.0,2250.0,56,267,95,8
31,female,8910.0,1920.0,46,324,66,4
40,female,5020.0,2095.0,30,310,93,1
71,female,9710.0,2790.0,129,345,71,2
24,other,9710.0,2400.0,72,415,52,0
21,male,3025.0,1830.0,220,80,48,5
65,other,5645.0,1785.0,220,124,41,2
25,female,4825.0,2520.0,220,244,49,2
46,female,5620.0,1600.0,30,341,21,2
80,male,8920.0,2220.0,150,226,79,1
18,other,6220.0,2370.0,113,365,61,4
41,male,6210.0,2450.0,41,435,91,2
61,male,3040.0,1985.0,177,254,29,1
53,male,5630.0,2270.0,63,202,140,2
19,male,3025.0,2240.0,129,382,20,4
87,female,1035.0,2195.0,220,220,39,5
59,female,3515.0,1995.0,127,184,74,6
59,female,9720.0,2025.0,35,317,44,4
51,female,6220.0,2310.0,135,385,48,7
52,female,1825.0,2050.0,220,88,55,2
25,male,5025.0,1945.0,145,313,20,2
89,male,5020.0,2140.0,190,389,20,4
70,female,6210.0,2050.0,59,231,87,1
74,other,1035.0,2470.0,112,330,53,2
28,male,5025.0,2365.0,98,460,20,6
65,other,1825.0,2160.0,181,389,20,3
42,female,5035.0,1935.0,170,185,52,7
81,male,5645.0,2380.0,220,329,20,3
87,male,5630.0,2485.0,220,92,87,2
64,male,1035.0,2270.0,116,370,51,1
36,male,1025.0,2065.0,215,236,42,2
82,male,3510.0,2270.0,117,186,91,4
35,female,5015.0,2255.0,98,427,20,6
57,female,5015.0,2030.0,155,288,20,3
39,female,5620.0,2515.0,135,474,20,8
63,female,5635.0,1990.0,86,234,78,2
47,male,5635.0,1605.0,57,195,39,5
37,female,5020.0,2325.0,220,291,20,7
55,female,1030.0,2385.0,143,251,115,1
70,female,5630.0,1675.0,69,264,58,4
80,female,5645.0,1630.0,208,189,28,3
87,male,3515.0,2125.0,41,414,34,1
84,female,5630.0,1890.0,56,297,44,1
72,male,6220.0,2060.0,149,344,33,4
73,female,5020.0,1975.0,216,192,20,3
87,male,3515.0,1935.0,34,318,71,1
22,male,1825.0,2070.0,217,160,20,4
61,female,2515.0,2055.0,201,171,20,3
47,female,1825.0,2350.0,115,328,44,6
70,female,1825.0,1645.0,64,258,67,4
43,male,9730.0,2225.0,220,253,20,4
56,female,5620.0,1935.0,141,332,20,6
38,male,2015.0,2150.0,104,289,49,2
80,male,9710.0,2240.0,128,273,57,9
75,female,1035.0,1850.0,88,211,84,5
63,female,1035.0,2055.0,207,234,44,1
53,male,8920.0,2525.0,45,250,173,1
51,other,5620.0,1820.0,59,257,67,3
68,male,5020.0,2290.0,91,449,20,8
22,male,9730.0,2770.0,154,307,66,1
74,male,5045.0,1930.0,117,275,40,3
84,female,5035.0,2135.0,179,124,84,2
73,female,6215.0,1865.0,78,349,20,4
33,female,5045.0,2310.0,220,253,56,6
23,male,9710.0,2200.0,220,143,60,3
54,female,3515.0,2305.0,65,399,25,1
37,female,6210.0,2255.0,66,428,56,1
61,male,8925.0,2465.0,220,262,20,4
84,female,5615.0,2280.0,133,324,34,5
60,female,5630.0,2220.0,220,150,76,10
72,female,5630.0,1920.0,30,372,32,3
29,male,5025.0,1985.0,193,221,23,3
37,female,1030.0,2180.0,107,286,33,5
86,male,9735.0,2070.0,30,302,55,2
66,male,9720.0,2050.0,104,120,107,2
21,male,6215.0,2540.0,44,429,115,1
62,female,3510.0,1910.0,220,88,84,4
44,female,4815.0,1995.0,30,252,97,0
65,male,4815.0,1955.0,64,317,59,5
32,male,6215.0,2000.0,64,359,40,2
29,male,5025.0,2355.0,87,490,20,5
85,male,1035.0,2385.0,105,310,59,4
84,male,1030.0,1530.0,145,181,20,6
87,female,5035.0,1805.0,137,217,52,1
89,female,3540.0,1810.0,62,270,43,3
19,female,3035.0,2185.0,66,233,113,2
79,female,6210.0,1480.0,58,257,34,2
31,female,3530.0,2430.0,30,385,76,4
70,female,6225.0,1625.0,145,111,53,3
49,male,4815.0,2270.0,220,242,38,2
24,female,5620.0,2225.0,220,264,42,6
85,male,2545.0,2415.0,63,310,63,0
61,female,1825.0,1685.0,64,323,20,2
19,male,8910.0,2235.0,120,328,62,1
74,male,2545.0,2625.0,220,195,109,2
18,male,4815.0,2770.0,220,227,63,3
38,female,5035.0,2070.0,119,306,33,4
20,male,6210.0,2840.0,149,435,20,1
72,male,3510.0,1780.0,36,161,98,4
89,male,1030.0,1655.0,30,203,91,7
43,male,6220.0,2930.0,94,457,20,2
63,male,6515.0,2145.0,95,293,60,3
28,female,3535.0,2030.0,59,333,45,6
20,male,1815.0,1830.0,122,277,20,7
20,male,5025.0,1915.0,45,392,20,2
75,female,1030.0,2125.0,37,552,43,3
68,female,4815.0,1885.0,93,319,22,4
70,female,5630.0,2155.0,100,309,47,5
87,male,6535.0,1880.0,117,257,69,1
50,other,5620.0,1820.0,30,314,39,4
41,female,9730.0,1650.0,64,367,20,6
59,female,1825.0,2280.0,106,419,39,5
66,female,3040.0,1860.0,64,333,42,4
81,male,6535.0,1605.0,74,297,20,5
56,female,1025.0,2115.0,220,214,38,3
26,female,5620.0,2365.0,44,522,20,3
27,male,1815.0,2365.0,87,395,33,6
64,male,9710.0,2280.0,57,214,110,0
48,female,3025.0,2530.0,115,375,51,3
70,male,3550.0,2230.0,150,309,20,2
18,male,1030.0,1940.0,80,190,106,1
44,male,2015.0,2000.0,89,378,43,4
87,female,5035.0,1590.0,50,270,46,4
63,female,9730.0,2185.0,214,233,38,0
71,female,5020.0,2160.0,204,321,20,3
18,male,1815.0,2175.0,30,476,38,3
43,male,5630.0,2150.0,152,311,36,2
52,male,5635.0,1845.0,52,344,23,6
33,female,1825.0,2415.0,30,341,93,2
69,male,6220.0,2570.0,62,505,20,3
71,female,3535.0,1960.0,74,106,131,5
84,female,3535.0,2270.0,197,171,60,4
70,male,1035.0,2070.0,44,325,55,0
68,male,5020.0,2040.0,142,291,20,7
74,male,1025.0,2045.0,73,351,51,3
87,male,9730.0,2245.0,96,283,87,5
80,male,1030.0,2040.0,220,102,20,2
83,male,1025.0,2245.0,102,439,20,3
87,male,3040.0,2190.0,36,303,75,7
88,female,9720.0,1990.0,78,280,52,1
68,male,5020.0,2120.0,220,161,40,10
65,female,4810.0,1905.0,30,330,39,4
84,female,5035.0,2060.0,158,192,80,2
60,male,1825.0,1985.0,96,249,71,1
25,male,2515.0,2005.0,152,335,20,2
39,male,4825.0,2635.0,220,217,50,2
26,male,2515.0,1970.0,209,155,53,7
49,female,3035.0,2565.0,33,457,25,0
53,female,4815.0,2010.0,41,343,20,2
19,female,1030.0,2535.0,215,247,41,2
87,female,5010.0,1605.0,30,323,56,4
79,male,4815.0,1990.0,64,282,59,3
29,male,5035.0,2390.0,32,341,97,3
20,male,2545.0,2530.0,199,222,85,1
79,male,3540.0,2180.0,220,204,47,2
71,female,5020.0,1885.0,173,288,20,0
82,female,3530.0,2130.0,48,418,24,6
57,female,9730.0,1785.0,58,228,77,4
30,male,3550.0,1960.0,106,220,101,2
55,male,9720.0,2275.0,66,303,93,2
21,other,6220.0,2710.0,220,216,69,3
56,female,5615.0,1910.0,122,248,78,5
75,male,9710.0,1780.0,50,314,39,3
29,female,1025.0,2165.0,220,229,25,7
47,female,9720.0,2335.0,58,298,85,1
38,female,5035.0,2070.0,62,156,113,2
86,other,3510.0,1970.0,204,214,54,7
63,female,1035.0,2205.0,202,247,53,2
72,male,6515.0,1915.0,99,302,36,4
22,female,5645.0,2195.0,140,388,20,2
42,female,5035.0,2380.0,32,324,97,5
24,female,1035.0,2435.0,129,257,97,1
60,female,1815.0,1790.0,30,414,23,3
86,female,5635.0,1990.0,45,287,102,4
39,female,6535.0,1455.0,58,273,20,3
28,female,3515.0,1815.0,129,155,90,2
56,female,1815.0,1620.0,220,192,20,3
48,male,5610.0,2125.0,38,456,20,2
76,female,9710.0,2065.0,177,218,42,5
77,male,1045.0,2165.0,31,316,78,3
77,male,6225.0,2030.0,139,225,56,1
50,female,6515.0,1765.0,108,195,57,2
23,female,8925.0,2150.0,169,404,29,0
67,female,5015.0,2050.0,166,288,20,3
63,female,1030.0,2300.0,72,486,32,4
19,male,9730.0,2300.0,40,356,53,1
51,female,3025.0,2020.0,96,359,20,3
48,male,6535.0,2020.0,33,456,20,5
71,female,5615.0,1775.0,52,253,69,9
47,female,4815.0,2010.0,78,294,49,9
58,male,5620.0,2265.0,48,427,38,2
50,female,6215.0,2420.0,220,288,20,4
23,male,1045.0,2285.0,137,333,48,3
62,male,8910.0,2160.0,220,247,20,5
19,other,4820.0,2180.0,70,343,20,3
83,male,1815.0,2050.0,50,352,60,6
31,female,1035.0,2380.0,71,269,143,3
39,female,5020.0,2325.0,180,333,20,8
82,male,3510.0,2160.0,65,329,81,4
33,female,1045.0,2110.0,72,242,116,4
62,female,4825.0,1590.0,62,185,74,2
61,female,9720.0,2175.0,159,141,109,1
41,female,4820.0,2010.0,97,104,87,2
46,female,3510.0,2230.0,30,399,43,6
56,female,3510.0,2335.0,131,256,68,0
29,male,3515.0,2465.0,84,375,47,3
60,male,8920.0,2085.0,198,234,42,3
53,male,5635.0,1950.0,143,321,20,6
75,female,1030.0,1385.0,45,184,50,1
39,male,9720.0,2230.0,220,150,77,4
27,male,1045.0,2425.0,79,364,82,4
42,female,5620.0,2210.0,207,207,47,2
24,male,6220.0,2900.0,190,375,48,0
27,female,2545.0,2300.0,67,303,81,5
84,female,9710.0,1720.0,167,232,20,6
35,male,3515.0,2495.0,105,188,127,1
78,male,8920.0,2370.0,104,268,59,2
35,female,3540.0,1770.0,220,124,20,2
46,male,1030.0,2215.0,70,361,62,5
39,female,3535.0,1745.0,30,236,83,7
18,other,4820.0,1770.0,192,195,20,1
18,male,3025.0,2460.0,40,558,20,6
27,male,9710.0,2315.0,127,307,33,1
84,female,5635.0,1795.0,90,366,45,5
58,female,3040.0,2000.0,52,373,20,4
24,female,5620.0,2455.0,220,334,20,7
74,female,2515.0,1505.0,64,213,39,6
70,female,1825.0,1805.0,149,291,20,3
35,female,1030.0,1785.0,174,176,29,3
82,female,5645.0,1930.0,149,176,53,2
50,male,1030.0,2370.0,127,273,48,1
44,female,5015.0,2225.0,105,426,23,8
62,female,2545.0,2580.0,220,252,100,3
59,female,6210.0,2130.0,88,339,34,6
74,female,5645.0,2185.0,149,359,20,4
57,male,5025.0,1935.0,82,413,20,3
77,male,5620.0,1775.0,61,168,111,0
42,female,9735.0,2030.0,220,129,56,1
29,male,1030.0,1895.0,72,242,84,1
52,other,1030.0,1945.0,30,401,43,1
36,female,1030.0,2050.0,188,127,92,3
34,female,5630.0,1760.0,110,241,36,5
56,female,4810.0,2515.0,185,379,40,2
51,female,3040.0,1930.0,65,264,90,5
86,female,5635.0,1555.0,98,216,66,4
69,male,4810.0,2410.0,90,410,37,5
82,female,1825.0,1545.0,69,139,59,5
84,female,1825.0,1505.0,36,243,53,6
36,male,8910.0,2075.0,162,292,30,1
38,female,3530.0,2355.0,220,217,43,7
80,female,5645.0,1485.0,47,262,21,6
18,male,5635.0,2030.0,102,260,67,1
72,male,1030.0,1810.0,80,180,63,2
43,male,5620.0,2200.0,70,408,20,0
53,female,3035.0,2310.0,30,233,116,6
26,male,3515.0,2270.0,123,327,33,0
54,male,6225.0,2405.0,68,490,20,3
31,female,8910.0,2170.0,30,327,99,3
71,female,2015.0,2105.0,220,158,52,5
32,male,8910.0,2210.0,68,343,53,0
40,male,6225.0,2080.0,35,327,77,5
70,female,5020.0,2060.0,220,255,26,3
42,male,3510.0,2270.0,194,235,38,5
19,male,5045.0,2740.0,220,406,58,3
58,male,3535.0,2410.0,166,241,146,5
51,female,3515.0,2045.0,87,410,20,1
89,male,9735.0,2210.0,44,414,60,6
42,male,3040.0,2220.0,214,273,22,4
47,female,5630.0,2080.0,152,293,20,2
50,female,6215.0,1990.0,132,317,27,4
77,female,3515.0,1735.0,37,375,32,5
88,male,3040.0,1545.0,125,181,29,5
80,female,9735.0,1845.0,44,302,71,2
61,female,1825.0,1825.0,122,320,20,6
84,female,1035.0,1920.0,30,248,73,7
31,female,4815.0,2210.0,151,322,46,4
31,female,3515.0,2315.0,185,325,20,2
36,female,5035.0,2525.0,95,380,93,2
45,male,3025.0,1890.0,175,132,105,3
29,female,5630.0,2255.0,80,346,84,2
67,female,9730.0,2200.0,180,389,20,10
73,female,5630.0,1850.0,30,283,43,3
33,male,5035.0,2490.0,95,364,93,2
36,male,2515.0,2365.0,220,293,39,5
33,male,9730.0,2000.0,99,205,101,7
41,male,9730.0,2560.0,205,181,121,4
48,male,6210.0,2270.0,128,354,63,1
54,male,4815.0,2380.0,98,361,29,8
21,female,4810.0,2540.0,148,329,42,2
81,female,4815.0,2220.0,130,332,38,3
63,male,1025.0,2105.0,162,311,20,5
72,male,1030.0,1635.0,41,191,56,1
71,female,2515.0,1505.0,30,213,39,8
31,other,3510.0,2705.0,90,497,56,1
67,male,9735.0,2515.0,115,429,35,4
63,female,2545.0,1885.0,207,100,20,5
80,male,3515.0,1955.0,220,192,20,0
24,male,5630.0,2490.0,152,365,47,3
60,male,3550.0,2350.0,157,324,29,6
34,female,3025.0,2260.0,210,309,36,3
89,male,6215.0,1930.0,78,179,70,3
24,male,6215.0,2570.0,160,396,38,3
38,male,5645.0,2400.0,136,435,25,2
82,female,4810.0,1870.0,52,320,24,6
74,female,3530.0,1980.0,39,155,123,3
89,female,5615.0,2085.0,143,320,20,1
27,female,9720.0,2535.0,96,414,32,3
85,male,9710.0,2090.0,34,315,86,5
87,female,5035.0,1630.0,62,178,62,3
85,female,1035.0,1970.0,30,407,35,0
36,male,6225.0,2080.0,108,211,90,1
81,male,3515.0,2130.0,79,438,20,3
84,male,3025.0,2385.0,145,355,34,0
41,female,5615.0,1755.0,52,343,41,7
57,male,1035.0,2120.0,46,486,33,0
33,male,9730.0,2035.0,99,279,50,3
87,male,2515.0,2055.0,46,319,79,4
82,male,4810.0,2095.0,107,387,44,5
72,female,3515.0,1665.0,136,248,29,3
39,female,5620.0,2430.0,195,387,22,5
31,male,8910.0,2205.0,88,284,66,1
22,male,5615.0,2510.0,115,398,28,2
21,male,3040.0,2515.0,53,390,93,3
89,female,5615.0,2420.0,133,318,44,2
26,male,2515.0,2225.0,142,388,25,1
87,male,9710.0,2315.0,54,310,96,5
70,male,8920.0,2275.0,220,232,43,3
32,female,9710.0,2020.0,61,181,116,2
63,female,5615.0,2300.0,163,374,49,2
69,female,1825.0,1410.0,69,139,72,2
35,female,5045.0,2595.0,94,382,60,4
70,female,3535.0,1755.0,220,189,20,4
75,male,1035.0,1945.0,135,315,36,6
77,male,5620.0,2185.0,121,404,20,6
38,male,3515.0,2185.0,96,241,106,1
79,male,5035.0,2215.0,56,335,96,2
61,female,5015.0,1765.0,126,287,51,4
47,female,4815.0,2320.0,30,401,48,4
42,female,1825.0,1470.0,43,132,95,3
56,male,9730.0,1490.0,146,111,45,3
73,male,5610.0,2055.0,38,392,20,3
55,male,2545.0,2390.0,141,136,144,1
30,male,8925.0,2485.0,167,410,59,0
45,male,5620.0,2635.0,212,375,20,4
50,male,8920.0,2600.0,110,454,35,4
48,male,5630.0,2750.0,161,390,44,4
42,male,3040.0,2220.0,117,362,29,2
37,female,3025.0,1695.0,58,230,63,1
56,female,1025.0,2130.0,148,332,20,4
27,male,9710.0,2345.0,83,239,116,3
89,female,5025.0,1985.0,200,294,20,3
61,female,4820.0,1685.0,53,217,52,1
20,male,2545.0,2400.0,66,379,80,4
36,male,4815.0,2255.0,79,372,45,3
26,male,5015.0,2280.0,207,337,20,3
22,male,5645.0,2335.0,220,259,55,4
70,male,1030.0,1650.0,80,141,103,0
25,male,5620.0,2555.0,220,359,21,6
39,male,5630.0,2445.0,186,332,49,2
41,female,4820.0,1820.0,220,95,84,3
44,male,3540.0,2200.0,35,314,93,3
57,male,9710.0,2345.0,98,188,138,1
26,female,3040.0,1875.0,85,298,43,7
50,female,6515.0,2070.0,152,228,58,0
69,male,9730.0,1720.0,115,237,60,1
52,female,5035.0,2025.0,116,306,37,4
41,male,1825.0,2535.0,168,203,102,1
62,female,8910.0,2185.0,96,432,24,2
33,male,4815.0,2370.0,220,288,37,1
84,male,3540.0,1530.0,153,218,44,3
44,female,5015.0,2210.0,30,406,28,3
38,male,9710.0,2070.0,116,273,57,0
51,female,1030.0,2365.0,30,386,61,1
70,male,3530.0,2415.0,30,255,119,5
62,male,5025.0,1585.0,154,276,20,8
46,male,1030.0,2635.0,127,167,140,0
35,female,5025.0,1390.0,41,247,20,3
84,female,5635.0,1890.0,90,264,56,4
60,male,5635.0,2195.0,182,177,86,5
45,female,4820.0,2095.0,30,378,61,4
59,female,3535.0,2080.0,121,249,104,3
25,male,4815.0,2490.0,115,473,20,3
74,male,1045.0,2140.0,33,333,66,1
28,female,5610.0,2440.0,160,380,50,3
29,female,1035.0,2235.0,137,245,82,1
52,male,5015.0,2085.0,180,334,20,6
70,male,4825.0,2395.0,220,213,36,0
54,male,6225.0,2200.0,69,464,33,3
45,female,6210.0,2095.0,88,311,52,1
59,female,1030.0,1895.0,141,217,38,1
55,female,5010.0,1930.0,56,262,78,0
32,female,4815.0,2220.0,30,297,79,3
85,female,2015.0,1540.0,177,80,81,5
87,male,1825.0,2245.0,158,231,98,5
24,female,5635.0,2265.0,220,157,57,2
36,male,3025.0,2595.0,220,268,20,5
77,male,6225.0,1810.0,220,158,20,1
33,male,9720.0,2220.0,51,369,60,4
59,female,9710.0,2035.0,95,175,92,2
35,female,5025.0,1390.0,47,367,20,8
42,female,3540.0,2080.0,220,171,46,3
78,male,9730.0,2485.0,35,533,30,9
41,male,5645.0,2150.0,30,465,20,4
79,male,5035.0,2260.0,63,191,134,2
43,male,5630.0,2755.0,123,272,79,2
53,male,1035.0,2120.0,71,115,124,4
28,female,4820.0,1900.0,73,117,115,2
57,female,6210.0,2045.0,30,333,99,5
28,other,3550.0,1845.0,171,147,53,3
24,female,1035.0,2435.0,71,366,62,3
81,female,2015.0,1355.0,69,100,116,7
43,female,9735.0,2285.0,122,222,95,2
62,male,9730.0,2160.0,38,421,23,4
35,female,5045.0,2380.0,220,262,42,5
64,female,4820.0,1825.0,30,236,71,1
42,female,1030.0,1875.0,175,219,42,5
66,male,4825.0,2450.0,220,253,41,0
75,male,3025.0,2315.0,81,373,48,6
61,female,1035.0,2300.0,197,228,66,5
84,male,3515.0,2425.0,125,247,76,6
49,female,5630.0,2025.0,74,272,80,3
59,male,1030.0,2370.0,220,95,41,2
27,female,1035.0,2260.0,151,269,68,2
38,female,3530.0,2055.0,35,393,22,6
43,male,1035.0,2335.0,220,241,28,2
56,female,3535.0,2010.0,140,204,53,6
27,female,6535.0,2210.0,195,309,24,3
86,male,9735.0,2110.0,162,231,112,3
61,male,5015.0,2315.0,103,435,23,6
66,male,3025.0,1850.0,140,300,20,5
80,male,4825.0,2055.0,165,259,45,2
89,male,1030.0,2120.0,220,190,35,2
65,female,1035.0,1925.0,82,229,87,4
53,other,5615.0,2070.0,79,345,39,3
48,male,6210.0,2175.0,61,359,64,2
28,male,3515.0,1845.0,85,220,55,4
29,female,3540.0,1915.0,106,333,47,2
38,male,5645.0,2105.0,152,152,109,2
66,female,1035.0,1955.0,104,202,64,5
87,male,5015.0,1955.0,130,326,20,8
38,male,5045.0,2715.0,94,410,68,1
88,female,3510.0,1735.0,30,212,64,7
21,male,5645.0,2200.0,133,341,39,5
50,female,4820.0,2070.0,59,176,111,4
43,female,3510.0,2000.0,56,366,44,1
29,female,3540.0,1915.0,164,199,20,2
86,male,3550.0,1605.0,36,321,26,1
61,female,1025.0,1770.0,214,190,20,3
80,female,1035.0,1880.0,41,349,20,7
78,male,1030.0,2040.0,125,212,82,3
41,female,5015.0,2230.0,47,411,20,6
31,male,3540.0,1890.0,161,255,20,2
66,male,1825.0,1815.0,192,238,25,2
70,female,5630.0,1930.0,53,245,101,3
38,female,1035.0,2220.0,122,384,35,3
36,other,3025.0,2125.0,135,272,62,3
77,female,4810.0,1735.0,104,319,26,3
67,male,9720.0,2100.0,149,80,105,1
18,female,8920.0,2350.0,79,219,142,3
53,male,1815.0,2070.0,112,298,20,7
80,female,1025.0,2150.0,91,391,28,5
59,female,5015.0,1765.0,220,201,23,3
76,female,3515.0,2015.0,220,305,20,2
38,female,5045.0,2480.0,55,461,29,3
84,female,3535.0,1755.0,170,179,20,4
51,female,3515.0,2075.0,118,196,98,4
71,female,2015.0,2105.0,100,342,20,7
26,male,3035.0,2150.0,169,343,20,3
41,female,1815.0,2450.0,139,412,37,6
64,male,1825.0,1865.0,74,176,166,3
34,female,5010.0,2350.0,160,375,29,3
71,female,2015.0,2060.0,149,244,49,2
20,female,2015.0,2085.0,30,286,74,1
19,male,5010.0,2000.0,193,228,38,1
79,female,5615.0,1645.0,149,243,46,2
42,female,3550.0,2045.0,220,195,37,4
79,female,6535.0,1405.0,43,183,37,10
62,male,8910.0,2325.0,220,195,66,4
47,female,2515.0,2335.0,154,262,94,10
81,female,5020.0,1775.0,77,341,34,7
57,male,2515.0,2475.0,220,167,20,6
23,female,4810.0,2855.0,53,575,36,4
53,female,3515.0,1960.0,57,307,57,5
88,female,9720.0,1725.0,30,184,103,3
38,male,6220.0,2095.0,57,267,106,5
27,male,5645.0,2485.0,63,437,66,6
51,female,5020.0,2280.0,110,411,26,5
42,male,8910.0,2310.0,30,357,87,2
29,male,1030.0,1895.0,80,176,110,1
71,male,3515.0,2115.0,30,214,97,1
62,male,5015.0,2220.0,67,481,20,6
64,female,1035.0,2035.0,148,214,55,7
47,female,5635.0,1630.0,37,200,34,3
57,female,5015.0,2110.0,220,155,47,8
28,female,1035.0,2030.0,88,386,20,2
58,male,3515.0,1975.0,174,185,20,3
50,female,1815.0,1960.0,140,179,68,5
50,female,6515.0,2060.0,30,412,20,4
44,male,5010.0,2255.0,120,414,20,1
62,male,9730.0,2335.0,78,370,43,4
55,male,1825.0,2210.0,194,263,94,6
47,female,3530.0,2130.0,94,282,47,5
48,female,6220.0,2310.0,58,385,47,3
34,female,3510.0,2200.0,215,213,44,3
27,female,3040.0,2045.0,30,333,91,4
30,female,3540.0,2105.0,131,258,74,2
25,male,6220.0,2150.0,105,308,44,6
40,female,3515.0,2155.0,195,341,20,1
54,female,8910.0,2465.0,30,264,144,3
85,female,1035.0,2020.0,136,306,20,3
62,female,9710.0,1810.0,105,220,59,7
66,male,3515.0,2070.0,79,375,53,3
32,male,5025.0,2035.0,220,282,20,8
66,male,1825.0,2070.0,220,190,35,6
48,female,1035.0,2335.0,48,388,38,4
56,female,1035.0,1905.0,173,194,24,3
70,female,4820.0,1610.0,118,171,54,0
69,male,9730.0,2570.0,159,431,32,4
48,male,1045.0,2315.0,220,311,29,2
39,male,4825.0,2145.0,220,237,23,7
84,female,1030.0,1805.0,90,237,63,5
71,female,1030.0,2125.0,133,325,39,5
73,male,5045.0,2075.0,114,298,42,8
83,male,6225.0,1870.0,73,378,20,5
42,female,3540.0,2090.0,146,291,36,1
61,female,6515.0,1785.0,108,259,44,3
72,male,3510.0,1780.0,30,224,56,4
37,male,1825.0,2065.0,197,278,20,3
42,female,3510.0,1980.0,55,314,57,1
66,female,6215.0,1905.0,175,280,36,6
51,male,9710.0,1950.0,173,195,54,1
71,female,5615.0,1755.0,204,209,20,1
69,male,9730.0,1635.0,121,171,62,5
56,female,4815.0,2120.0,101,361,20,4
57,male,1030.0,2320.0,119,118,132,4
54,female,8910.0,2035.0,157,251,39,6
32,male,6215.0,2210.0,48,203,124,1
55,male,9720.0,2100.0,62,118,151,2
67,male,5630.0,1840.0,70,273,28,1
18,male,8910.0,2625.0,99,403,20,0
76,female,6210.0,2405.0,60,474,93,5
66,female,6515.0,1415.0,51,202,53,2
83,female,5635.0,1800.0,114,298,20,6
35,female,1825.0,1870.0,196,212,28,1
74,female,9710.0,2175.0,184,276,34,4
46,male,4820.0,1995.0,125,279,45,2
64,male,6210.0,2195.0,53,256,116,2
27,male,5015.0,2365.0,207,422,20,2
69,male,8910.0,2270.0,147,230,111,2
44,female,5015.0,1755.0,113,367,20,4
27,female,1030.0,2110.0,57,207,123,0
56,male,5620.0,2685.0,199,427,38,4
89,female,4815.0,1750.0,45,213,56,2
43,female,3535.0,1910.0,169,217,53,7
79,male,1045.0,2175.0,113,412,20,1
36,male,5635.0,2370.0,44,490,20,2
19,male,3025.0,2470.0,110,486,67,0
20,other,3535.0,2200.0,30,379,93,4
37,female,5020.0,2620.0,220,381,31,4
28,male,3515.0,2050.0,55,272,78,7
23,male,1825.0,2660.0,220,244,49,2
18,female,3510.0,2060.0,82,208,98,3
37,male,1825.0,1915.0,116,298,20,8
58,female,5630.0,1425.0,40,190,46,0
44,male,2015.0,1950.0,56,314,50,3
28,female,5035.0,2255.0,151,353,52,4
57,other,6515.0,2360.0,88,215,104,3
71,female,9735.0,2020.0,103,294,37,3
66,female,5610.0,2120.0,95,414,22,4
86,male,5620.0,1935.0,85,162,106,2
56,female,3535.0,1995.0,166,98,86,4
51,female,2545.0,1955.0,105,308,26,5
39,female,3510.0,1955.0,30,406,45,4
71,female,2515.0,1910.0,37,410,20,3
41,female,3025.0,1950.0,78,330,23,5
53,female,5610.0,2275.0,110,395,30,4
89,male,4825.0,2230.0,36,381,60,2
42,male,3540.0,2500.0,120,412,20,0
20,male,1030.0,2200.0,85,205,128,2
48,male,1035.0,2925.0,38,398,81,5
85,female,3025.0,1410.0,35,155,62,1
72,male,3510.0,1825.0,61,314,46,2
24,other,3540.0,2250.0,30,421,48,3
81,male,6225.0,1555.0,166,195,20,6
75,female,3535.0,2145.0,113,332,56,3
51,female,3040.0,1960.0,142,214,44,1
25,male,4815.0,2685.0,220,428,20,5
44,male,4825.0,2215.0,30,421,43,2
44,male,5630.0,2550.0,171,365,20,1
64,male,3040.0,2015.0,110,216,75,2
51,female,3025.0,2145.0,43,410,29,2
26,male,3025.0,2395.0,156,364,49,4
59,other,9710.0,2100.0,32,329,93,1
79,female,6210.0,1950.0,183,304,20,2
83,male,1025.0,2245.0,102,440,20,3
42,female,3535.0,1655.0,42,245,91,2
34,male,6535.0,1985.0,220,221,20,1
20,male,1825.0,2510.0,213,235,36,3
53,female,3540.0,2420.0,48,560,28,4
65,female,8920.0,2045.0,88,154,117,2
77,male,1045.0,1775.0,61,348,25,6
89,female,3540.0,1890.0,43,88,131,8
22,male,5020.0,2375.0,220,270,20,7
75,male,6535.0,1635.0,88,263,21,3
87,male,5610.0,2330.0,220,142,39,5
25,male,2515.0,2225.0,206,364,20,4
18,male,1030.0,2200.0,30,362,102,2
74,female,5615.0,2135.0,84,429,28,2
56,male,1030.0,2325.0,161,332,33,2
48,female,6220.0,2310.0,220,264,22,6
46,male,1030.0,2200.0,40,374,20,1
45,male,1025.0,1835.0,159,194,39,6
57,male,5610.0,2175.0,30,485,20,3
89,female,3540.0,1615.0,192,135,45,4
68,female,3035.0,2030.0,44,332,97,4
64,male,5020.0,2195.0,119,378,20,10
34,male,5645.0,2610.0,220,185,41,1
46,female,5010.0,1975.0,41,227,121,5
57,male,8910.0,2085.0,220,247,20,5
46,male,4820.0,2085.0,56,154,134,1
69,female,9730.0,2105.0,30,380,58,4
45,female,6210.0,2285.0,128,392,41,2
67,male,3025.0,2920.0,120,294,123,2
35,male,5615.0,2635.0,220,391,20,2
27,male,3550.0,2040.0,109,348,23,3
82,female,2545.0,2020.0,131,301,20,6
20,other,3535.0,2190.0,30,383,102,4
28,female,3515.0,2260.0,210,272,52,3
88,male,4810.0,2300.0,35,380,50,1
43,male,5630.0,2150.0,168,325,40,3
56,male,9730.0,1480.0,30,210,33,4
77,male,1035.0,2315.0,30,195,176,6
41,male,2515.0,2750.0,39,470,20,2
41,male,6515.0,2350.0,59,401,56,1
36,male,1035.0,2415.0,191,214,56,3
54,male,5045.0,2620.0,190,295,42,4
89,male,2545.0,2525.0,54,313,81,4
53,female,3035.0,2075.0,87,352,29,4
68,female,4815.0,1775.0,153,95,81,4
46,male,6220.0,2735.0,113,457,20,6
38,other,9710.0,2270.0,195,124,78,1
58,male,1035.0,2190.0,30,480,30,7
83,other,5025.0,1790.0,47,359,25,6
39,male,3025.0,2150.0,169,373,20,2
34,male,5015.0,2325.0,220,287,24,3
19,male,1815.0,2445.0,156,371,32,2
27,male,3025.0,1695.0,64,263,59,6
86,female,5635.0,1890.0,47,282,57,3
24,male,3025.0,2625.0,97,109,132,2
67,female,4815.0,1910.0,142,129,75,1
43,male,6210.0,2270.0,33,382,56,4
81,female,3550.0,2180.0,121,402,20,4
87,male,1815.0,2090.0,220,222,25,5
60,male,5635.0,2195.0,140,398,20,4
27,male,9710.0,2295.0,75,168,156,2
22,female,5645.0,2260.0,220,207,69,3
61,female,3025.0,2000.0,164,244,42,5
84,male,9710.0,2255.0,114,342,70,2
20,other,3535.0,2200.0,64,318,97,4
47,female,1035.0,2180.0,70,303,77,1
32,male,4825.0,2490.0,136,402,20,2
42,male,3040.0,2175.0,220,202,29,4
21,male,3040.0,2570.0,149,358,33,3
19,male,3025.0,2240.0,40,449,20,2
24,male,3510.0,2295.0,90,219,110,0
62,female,4825.0,1480.0,46,231,66,3
18,male,4825.0,2115.0,220,213,20,6
72,female,8920.0,1880.0,78,123,143,2
47,male,2015.0,1950.0,41,314,50,2
88,male,3515.0,2245.0,117,261,79,8
35,female,6220.0,2310.0,169,411,34,1
55,female,9735.0,2220.0,34,267,91,0
25,male,5620.0,2425.0,30,436,76,0
57,female,5045.0,1480.0,82,223,20,7
73,male,9710.0,1760.0,77,254,52,2
23,male,4810.0,2370.0,138,184,93,4
32,female,5025.0,1500.0,47,363,20,4
89,male,8925.0,2140.0,220,214,20,3
59,male,3025.0,2005.0,85,304,20,1
79,male,5025.0,2030.0,200,305,20,6
57,male,9710.0,2345.0,141,332,59,0
68,male,5020.0,2405.0,220,268,29,6
44,female,1825.0,1915.0,122,361,20,6
51,male,1825.0,1820.0,174,292,20,0
28,male,5025.0,2110.0,160,311,20,3
67,male,3515.0,2570.0,165,348,60,3
68,male,2515.0,2285.0,30,460,20,3
60,male,9730.0,1905.0,63,405,20,7
42,male,3040.0,2325.0,220,155,83,4
21,male,6215.0,2515.0,193,382,20,3
74,female,5615.0,1840.0,61,214,69,3
70,female,5015.0,2050.0,165,255,52,7
62,female,5620.0,2035.0,139,357,20,5
58,male,1815.0,2215.0,57,289,59,1
21,female,5035.0,1825.0,59,311,46,7
39,female,3515.0,1630.0,85,256,52,1
77,male,5620.0,2135.0,142,365,20,6
85,female,6210.0,1955.0,61,389,20,6
51,male,5615.0,1940.0,220,176,20,5
87,male,5645.0,1955.0,145,344,20,4
26,female,3510.0,2000.0,97,227,64,2
87,male,9710.0,2315.0,30,414,26,1
75,female,3515.0,1200.0,61,290,20,3
87,male,2015.0,1990.0,107,306,49,1
63,male,6515.0,1640.0,139,181,20,5
38,male,9735.0,2230.0,131,248,92,1
59,male,9720.0,2275.0,128,183,78,2
49,female,6220.0,2450.0,61,444,29,2
72,female,4815.0,2245.0,122,207,91,4
59,male,9720.0,2085.0,90,299,43,5
18,male,5045.0,2195.0,180,321,20,6
35,female,1825.0,1630.0,36,335,20,3
60,male,9730.0,2005.0,118,330,23,6
63,male,3040.0,1830.0,220,140,21,4
61,female,6515.0,1785.0,83,228,36,1
85,female,6535.0,1410.0,38,231,38,3
86,male,6215.0,2095.0,65,204,107,7
35,male,5630.0,2030.0,74,279,99,2
37,male,5620.0,1890.0,122,135,94,4
56,male,3040.0,1975.0,196,279,36,8
70,male,1035.0,2095.0,184,181,73,2
59,other,5645.0,2100.0,194,222,49,2
54,male,4815.0,2620.0,220,252,41,3
18,male,9735.0,2285.0,48,222,108,2
58,male,9710.0,2270.0,30,459,35,0
18,female,9710.0,2370.0,134,331,37,3
85,male,3535.0,2315.0,198,178,28,4
67,male,4825.0,2450.0,220,255,31,5
29,female,5620.0,2430.0,85,397,20,7
30,male,1030.0,2165.0,127,96,130,1
35,male,3535.0,2385.0,166,241,123,1
84,male,1035.0,1805.0,30,209,56,6
27,male,4810.0,2535.0,79,475,59,2
38,male,5035.0,2595.0,89,274,128,1
41,female,6515.0,1720.0,176,80,89,3
45,male,3025.0,2235.0,220,157,71,3
72,male,6220.0,2165.0,137,353,46,1
82,male,3025.0,2555.0,145,215,103,9
79,male,1035.0,2755.0,30,559,20,6
26,male,1035.0,2375.0,220,259,32,6
79,female,1025.0,2305.0,34,507,33,6
58,male,3535.0,2450.0,120,317,82,1
49,male,5630.0,2550.0,220,284,20,4
51,male,5620.0,1950.0,133,155,79,1
55,female,9710.0,2025.0,137,214,63,3
78,female,9710.0,1950.0,186,80,63,3
25,male,3025.0,2385.0,98,358,20,2
29,male,1035.0,2140.0,108,161,131,3
69,female,1035.0,1820.0,34,330,52,1
63,female,3025.0,2420.0,34,390,113,4
59,female,9710.0,2135.0,220,222,22,3
39,male,3515.0,1850.0,159,276,41,2
18,female,3510.0,2710.0,81,151,150,1
47,male,3515.0,1795.0,74,267,72,1
55,female,1030.0,1965.0,107,191,62,1
69,male,8910.0,2145.0,220,150,63,5
54,male,1035.0,2120.0,108,161,135,4
20,male,2545.0,2845.0,149,428,85,3
50,male,3040.0,2175.0,151,390,20,5
21,male,1815.0,2045.0,81,352,20,3
80,female,3540.0,1470.0,30,323,42,5
32,male,3025.0,2245.0,79,392,45,3
63,female,1035.0,2420.0,120,219,133,5
28,female,4825.0,2440.0,69,366,54,5
23,female,9735.0,1995.0,57,150,146,0
39,female,1815.0,2310.0,220,80,76,4
54,female,3550.0,2160.0,50,464,37,2
58,female,2545.0,2105.0,140,328,30,1
80,male,4815.0,2080.0,40,252,103,3
75,female,9720.0,2145.0,147,226,80,3
83,male,1815.0,2305.0,220,284,73,4
20,female,1035.0,1725.0,58,168,105,2
29,female,5020.0,2365.0,220,371,20,4
25,female,6210.0,2045.0,96,103,101,5
20,other,5620.0,2055.0,161,335,23,3
18,female,3515.0,1695.0,115,208,60,4
44,other,6210.0,2855.0,219,263,50,1
35,male,5615.0,2705.0,206,428,38,0
70,male,5035.0,2355.0,68,259,77,5
84,male,8920.0,2435.0,117,219,151,1
25,male,3025.0,2405.0,151,393,20,3
86,male,4815.0,1990.0,57,294,71,9
70,male,5045.0,2075.0,167,234,49,2
53,female,3025.0,1525.0,146,100,72,5
45,male,5615.0,2450.0,62,426,90,4
65,female,1815.0,1730.0,140,218,53,7
80,female,9730.0,2170.0,95,247,125,4
24,male,1825.0,2425.0,149,369,28,3
71,female,1030.0,2100.0,200,257,49,1
85,female,5010.0,1605.0,77,237,59,3
48,male,3025.0,2290.0,30,383,38,3
79,female,6535.0,1535.0,188,131,56,8
42,female,5610.0,2380.0,172,237,66,1
38,male,2015.0,2250.0,107,392,51,4
87,female,1030.0,1605.0,77,80,73,7
29,female,1825.0,2120.0,83,434,20,3
79,female,3515.0,1750.0,67,304,20,4
88,female,5015.0,1550.0,44,303,20,2
61,male,5635.0,2190.0,220,222,39,4
44,female,3515.0,2230.0,68,348,80,1
52,male,1030.0,2225.0,51,359,36,1
87,male,5615.0,1915.0,185,297,40,4
40,male,3515.0,2565.0,185,359,39,3
70,male,4825.0,2320.0,187,331,26,1
55,female,3025.0,1525.0,99,190,20,6
81,male,5645.0,2260.0,112,421,22,7
61,female,1025.0,1985.0,52,416,20,2
54,female,9735.0,2155.0,34,279,98,0
87,female,5035.0,1805.0,41,280,39,4
88,female,1045.0,1820.0,149,271,41,5
53,female,3550.0,1735.0,115,319,22,9
39,male,6220.0,2755.0,159,492,59,4
32,female,1825.0,2350.0,30,388,56,2
23,male,4810.0,2220.0,88,282,35,5
48,female,1825.0,1930.0,220,192,20,4
88,male,4825.0,2415.0,30,380,54,3
65,male,6210.0,2280.0,56,203,138,2
22,female,6225.0,2535.0,54,401,91,2
88,female,5620.0,1790.0,85,237,52,4
56,female,4815.0,2340.0,118,358,35,4
79,male,5645.0,2040.0,57,355,53,3
66,male,4825.0,2765.0,220,209,36,5
51,male,5020.0,2140.0,141,365,20,5
74,female,5615.0,2090.0,117,322,48,9
34,other,3025.0,1805.0,156,80,86,2
49,male,5620.0,2125.0,120,348,20,3
89,female,3025.0,1985.0,131,352,62,5
47,male,5020.0,2465.0,220,286,20,8
35,male,3535.0,2230.0,131,187,112,1
85,male,1825.0,2445.0,220,86,29,4
63,male,3025.0,2000.0,86,175,77,3
48,male,1045.0,2045.0,30,360,46,1
78,male,1025.0,2195.0,211,263,60,4
86,female,1035.0,2065.0,46,346,39,3
88,male,1825.0,1770.0,69,234,67,2
47,male,3025.0,2290.0,91,395,52,2
31,female,1035.0,2555.0,220,341,20,5
50,female,1030.0,1990.0,76,146,106,5
50,female,2015.0,1805.0,30,314,43,1
87,other,6220.0,1905.0,162,255,34,2
57,female,2515.0,2340.0,39,522,20,8
78,female,4810.0,1480.0,75,301,20,4
48,female,5610.0,2080.0,60,315,70,2
30,female,5635.0,1875.0,97,282,41,4
51,female,1825.0,2070.0,220,210,20,6
75,female,6225.0,1515.0,32,241,53,3
38,female,9730.0,2010.0,61,333,59,5
44,male,5630.0,2590.0,220,165,20,1
31,male,3025.0,2130.0,124,289,34,4
47,male,5610.0,2320.0,220,133,87,1
72,male,9730.0,2250.0,96,332,76,4
71,female,4820.0,1850.0,182,104,76,2
41,male,3515.0,2350.0,220,194,20,7
37,female,6215.0,2090.0,57,452,32,4
73,male,3025.0,2140.0,59,335,84,1
64,female,1035.0,2135.0,52,358,43,4
33,female,8910.0,2055.0,164,236,34,3
46,female,1825.0,1915.0,98,215,106,6
50,female,1030.0,2365.0,56,172,173,3
42,female,5620.0,1935.0,173,332,23,4
68,female,5020.0,1875.0,220,275,20,6
74,male,5645.0,2365.0,142,435,24,3
63,female,1045.0,1800.0,69,337,20,4
84,female,5035.0,2175.0,181,182,56,2
75,male,6225.0,1625.0,32,343,24,5
19,male,3025.0,2300.0,135,369,45,2
69,female,5010.0,1650.0,135,114,48,2
51,female,1030.0,2315.0,30,194,176,5
18,male,9735.0,2115.0,57,173,146,2
32,female,1035.0,1860.0,142,235,62,1
21,female,3515.0,1955.0,30,296,85,3
20,female,6215.0,1665.0,30,244,75,3
70,female,1035.0,1515.0,127,206,43,4
89,male,6515.0,1945.0,216,191,20,3
51,male,3025.0,2065.0,99,238,86,4
30,male,6515.0,1860.0,107,206,84,3
48,male,1045.0,2455.0,71,272,93,4
21,male,5645.0,2335.0,220,231,56,2
65,male,5020.0,2195.0,192,389,20,2
21,male,2015.0,2220.0,113,362,20,3
66,female,6215.0,1820.0,139,300,20,1
24,female,5620.0,2225.0,107,542,20,8
80,female,8920.0,1880.0,115,294,48,1
62,female,6225.0,1840.0,139,216,20,7
70,male,4825.0,2320.0,217,235,20,5
59,other,1825.0,1970.0,136,291,51,5
42,female,3510.0,1980.0,30,366,61,5
23,female,6225.0,2185.0,44,410,24,2
80,other,3025.0,1605.0,99,247,20,6
26,other,3515.0,2250.0,63,448,48,2
18,male,5020.0,2630.0,165,572,20,5
18,male,5020.0,2445.0,100,439,20,3
55,female,8925.0,2515.0,118,347,115,5
37,male,3025.0,2515.0,30,309,63,0
75,other,5010.0,1760.0,78,256,39,6
41,female,3025.0,1810.0,78,314,41,4
78,male,5620.0,2330.0,187,118,76,2
71,female,5620.0,1740.0,30,335,27,3
54,male,3025.0,2425.0,126,311,44,0
42,female,9735.0,2220.0,80,233,97,4
30,female,5020.0,2130.0,69,386,28,3
82,male,3515.0,1525.0,79,312,20,3
79,male,5035.0,2380.0,102,251,127,2
88,male,4825.0,2230.0,88,395,42,2
71,male,2515.0,2215.0,114,443,25,7
84,male,6220.0,2665.0,198,250,119,9
82,female,4815.0,2095.0,143,378,25,2
49,male,4810.0,2450.0,144,388,40,3
50,male,4810.0,2210.0,73,371,54,6
47,male,5610.0,1980.0,137,219,42,5
44,female,9730.0,2115.0,35,435,20,1
87,male,2545.0,2435.0,30,414,104,4
41,male,8925.0,2555.0,220,181,20,5
86,female,1825.0,1770.0,84,206,51,9
70,female,1035.0,2035.0,31,445,20,7
36,male,6220.0,2150.0,175,242,82,3
51,male,5620.0,2225.0,51,323,62,0
19,female,5025.0,1880.0,220,246,20,6
28,female,5635.0,1915.0,136,147,41,4
63,female,4815.0,2085.0,34,358,47,4
80,male,9710.0,2490.0,30,462,104,3
80,female,5645.0,2010.0,30,248,100,3
22,female,4815.0,2335.0,30,386,53,2
79,female,4820.0,2115.0,40,319,71,4
64,female,1045.0,1810.0,30,362,20,2
79,female,3510.0,1465.0,30,184,50,6
79,male,5045.0,2090.0,112,335,41,4
61,male,5010.0,2105.0,176,346,29,4
19,male,5035.0,2445.0,54,98,180,1
39,female,5020.0,2620.0,185,422,20,4
87,female,6210.0,2270.0,220,213,36,4
48,female,6220.0,2540.0,169,329,34,5
76,male,2015.0,2430.0,73,502,20,6
61,male,4815.0,2170.0,107,398,27,7
56,male,5020.0,2175.0,211,283,20,5
20,male,1025.0,1830.0,209,179,31,5
67,female,5620.0,2035.0,139,310,36,5
25,male,1035.0,2405.0,40,297,142,5
55,female,5630.0,2135.0,129,223,87,6
71,male,6535.0,1720.0,183,222,20,1
46,female,1045.0,1925.0,58,321,59,1
47,male,5610.0,2320.0,172,391,32,2
22,female,3540.0,1800.0,79,195,60,0
51,female,9735.0,2220.0,30,195,177,5
72,other,1025.0,1820.0,76,363,30,6
27,female,1035.0,2260.0,210,118,99,2
57,male,5035.0,2385.0,148,281,49,2
56,male,6535.0,1805.0,123,196,44,3
86,male,6215.0,2030.0,65,380,55,1
76,female,9710.0,1915.0,41,288,71,5
42,female,4825.0,1645.0,45,343,20,0
79,male,5025.0,2330.0,220,310,20,3
40,female,5645.0,2010.0,30,295,57,3
72,male,8925.0,2480.0,199,400,34,6
28,male,3025.0,2390.0,208,124,103,2
44,male,3535.0,2385.0,191,264,32,5
53,male,4825.0,2345.0,220,209,39,5
47,male,3515.0,2675.0,116,429,20,6
76,male,3035.0,2170.0,30,383,37,4
32,female,5020.0,2195.0,160,388,20,6
39,female,9730.0,2165.0,99,385,35,4
61,female,8920.0,2075.0,49,343,43,4
48,male,3515.0,2160.0,30,399,27,2
70,female,4820.0,1425.0,100,215,43,0
79,male,6210.0,2255.0,104,342,72,7
54,other,3510.0,2225.0,69,225,110,4
72,male,5620.0,2115.0,40,319,95,3
51,female,6220.0,2310.0,61,352,80,6
76,male,4810.0,2150.0,31,443,54,7
44,male,1030.0,2155.0,72,339,78,2
69,male,1030.0,2245.0,63,339,81,1
82,male,9710.0,2160.0,220,142,63,3
89,male,1035.0,1990.0,118,258,69,5
37,male,3510.0,2750.0,194,274,38,1
53,male,9730.0,2560.0,126,307,123,3
70,male,1030.0,1810.0,30,182,103,0
71,female,3025.0,1850.0,106,322,33,2
84,male,9710.0,1930.0,186,158,68,4
43,female,2015.0,1990.0,139,204,55,3
27,female,2545.0,2170.0,71,168,177,3
27,male,8920.0,2735.0,110,341,117,5
46,female,1045.0,1410.0,99,195,63,6
64,female,5645.0,2055.0,220,270,20,2
47,male,8920.0,2770.0,94,428,54,1
59,male,9730.0,2005.0,61,389,20,7
64,male,1030.0,1835.0,82,304,28,1
80,male,8920.0,2285.0,220,263,49,4
48,female,3515.0,1720.0,195,105,69,2
30,male,6210.0,2155.0,120,279,72,1
47,female,4820.0,1770.0,220,195,20,1
38,male,5045.0,2490.0,44,375,91,2
62,female,9710.0,1910.0,30,372,53,0
80,male,1035.0,2245.0,60,288,91,5
88,male,4815.0,1590.0,85,237,46,4
62,female,5025.0,1960.0,30,416,20,4
21,female,4810.0,2855.0,148,492,37,2
87,male,5610.0,2040.0,80,295,59,5
35,male,6210.0,2155.0,188,331,20,1
26,female,1030.0,1875.0,142,236,53,1
42,female,3040.0,2095.0,194,257,45,7
48,male,3025.0,2265.0,143,364,20,3
64,female,1825.0,2025.0,116,231,72,7
42,female,1030.0,1875.0,68,106,93,5
22,male,4815.0,2225.0,40,483,26,0
38,male,2015.0,2250.0,107,316,62,4
32,female,3025.0,2455.0,49,382,76,4
51,female,3040.0,2365.0,30,285,103,6
53,other,6220.0,2220.0,99,408,20,5
30,female,3540.0,2265.0,35,481,48,3
30,female,4815.0,2180.0,88,165,138,3
66,male,3515.0,2275.0,61,292,95,5
40,male,5610.0,2770.0,217,438,20,0
46,female,3510.0,2380.0,30,289,98,2
69,female,4815.0,1930.0,142,104,86,2
38,male,4815.0,2940.0,210,391,20,0
75,male,6225.0,1625.0,90,208,38,1
29,male,5025.0,2355.0,175,424,20,2
77,female,5020.0,2135.0,153,348,20,4
60,male,4815.0,1990.0,90,315,42,3
33,male,9710.0,2205.0,160,222,84,1
55,male,5015.0,1965.0,45,445,20,3
55,male,4815.0,2620.0,111,484,27,4
40,female,3025.0,1810.0,164,236,25,2
28,male,2515.0,2345.0,157,435,20,3
77,male,2015.0,2240.0,67,202,137,7
42,female,5610.0,2145.0,38,474,29,3
45,female,5035.0,2260.0,64,278,108,1
35,female,9710.0,2120.0,125,240,80,2
21,female,5045.0,2330.0,111,431,49,4
77,female,5025.0,1790.0,135,293,20,6
77,male,1030.0,1960.0,114,200,68,2
31,female,8910.0,2305.0,160,228,62,2
78,male,1025.0,2395.0,104,490,20,3
63,male,3025.0,2000.0,43,363,76,2
21,female,6215.0,2185.0,220,229,29,4
57,male,5015.0,2065.0,102,363,20,7
89,female,3540.0,1950.0,70,184,107,5
29,female,3540.0,1910.0,120,325,49,3
42,female,4810.0,2255.0,117,362,49,3
24,female,5620.0,2855.0,53,269,123,4
21,female,2515.0,1960.0,209,171,31,4
63,male,5020.0,2195.0,220,242,20,3
84,female,1035.0,1720.0,57,228,67,9
36,female,5035.0,2070.0,220,134,62,5
45,male,6535.0,1805.0,204,158,52,2
56,female,3510.0,2335.0,63,305,71,1
62,male,1825.0,1815.0,98,322,32,6
78,female,2015.0,1580.0,30,203,49,4
77,male,5620.0,1775.0,83,203,54,0
83,female,3025.0,2150.0,82,191,145,2
35,female,6220.0,2675.0,219,250,119,3
60,male,4815.0,1900.0,30,416,20,4
50,male,3550.0,2000.0,176,195,49,2
85,male,5010.0,1880.0,158,228,71,2
89,male,8925.0,1900.0,36,307,44,5
81,male,3515.0,2805.0,132,239,99,6
61,male,6535.0,1785.0,54,214,75,6
28,male,9730.0,1985.0,220,86,44,4
88,female,5620.0,1605.0,65,163,78,2
38,male,2015.0,2250.0,113,406,51,2
32,female,5015.0,2120.0,220,154,30,8
49,female,5610.0,1805.0,220,177,51,4
71,male,4815.0,2430.0,98,361,88,5
21,male,2015.0,2480.0,156,438,20,4
39,male,5630.0,2415.0,220,129,134,2
71,male,9720.0,2430.0,30,325,93,2
46,female,1045.0,1795.0,35,372,20,1
77,female,1035.0,1885.0,88,106,103,8
37,male,9710.0,2150.0,92,322,55,3
33,male,9720.0,2575.0,148,478,20,1
27,male,5020.0,1910.0,220,227,20,3
79,female,3515.0,1475.0,79,262,50,2
41,female,1825.0,1695.0,53,257,66,2
51,male,3510.0,2565.0,64,378,81,1
37,male,5045.0,2510.0,44,358,92,1
60,male,9730.0,1480.0,43,243,32,3
69,male,9730.0,1390.0,35,225,20,4
63,other,9710.0,1845.0,30,372,68,2
57,male,1030.0,2485.0,97,303,125,4
49,male,3040.0,2175.0,148,364,20,8
33,male,5615.0,2635.0,220,438,20,2
41,male,5645.0,2425.0,80,398,20,5
42,female,8910.0,1755.0,75,262,69,3
18,male,1030.0,1810.0,48,245,91,1
20,female,5010.0,2215.0,68,378,20,4
20,female,3035.0,2145.0,31,327,89,0
72,male,3535.0,2385.0,43,204,180,4
29,female,5015.0,1770.0,113,303,20,2
29,female,1025.0,2015.0,176,271,20,4
31,male,3550.0,2070.0,193,234,31,3
62,male,2015.0,1955.0,41,282,47,2
61,female,6535.0,1625.0,57,302,20,6
38,female,3515.0,1820.0,85,211,46,2
33,male,3515.0,2110.0,31,286,93,2
63,female,6215.0,2005.0,85,270,40,4
72,other,5615.0,1755.0,50,351,34,6
62,male,8910.0,2235.0,120,448,78,4
28,female,5610.0,2605.0,152,588,22,5
25,male,2515.0,1970.0,117,298,20,2
29,male,3515.0,2185.0,96,325,59,1
37,male,1035.0,2575.0,38,410,77,3
35,female,3040.0,1770.0,134,223,51,2
87,female,3035.0,2025.0,143,284,36,4
56,male,5045.0,2380.0,220,213,71,4
85,male,3540.0,1790.0,62,133,99,3
82,male,1825.0,2215.0,128,388,25,2
29,female,2545.0,2350.0,77,303,64,1
38,male,5045.0,2260.0,73,316,58,4
57,male,1035.0,2435.0,120,237,136,7
68,male,5020.0,2405.0,220,286,20,3
66,male,3035.0,2705.0,61,406,91,1
62,male,9735.0,2040.0,162,183,63,4
82,male,3025.0,1805.0,92,258,36,1
51,female,9735.0,1960.0,42,296,52,3
70,female,5015.0,1640.0,179,243,20,6
59,male,3540.0,1970.0,174,235,20,1
75,female,9730.0,1835.0,123,325,20,10
45,male,3515.0,2125.0,129,293,51,5
35,male,3510.0,2235.0,112,186,92,3
55,male,1825.0,1975.0,196,258,20,6
78,female,5015.0,2055.0,104,436,20,8
31,male,3550.0,1980.0,106,353,20,2
71,female,1035.0,1970.0,196,269,52,4
49,male,5025.0,1950.0,145,293,20,3
31,male,5645.0,2245.0,69,449,38,4
77,male,9720.0,1880.0,131,236,30,6
72,male,5610.0,2630.0,206,324,37,5
74,female,1825.0,1840.0,49,247,58,3
80,female,9730.0,1355.0,30,375,20,7
56,male,6535.0,1845.0,70,215,94,6
81,male,1825.0,2420.0,220,217,41,8
70,male,4825.0,2395.0,220,86,20,0
89,male,1030.0,2000.0,120,210,83,1
39,female,9730.0,2010.0,116,263,91,0
87,male,1030.0,2060.0,220,186,22,7
79,male,3540.0,2320.0,60,471,29,4
25,male,5020.0,2315.0,220,253,41,10
84,female,1035.0,1920.0,30,248,87,1
53,male,8920.0,2365.0,110,268,97,3
23,other,3025.0,2085.0,88,238,97,3
65,female,3515.0,1790.0,92,295,20,1
70,male,3025.0,1725.0,95,263,36,2
42,male,4825.0,2270.0,147,322,60,2
81,male,5645.0,2015.0,75,262,73,6
55,male,3025.0,1490.0,99,154,47,6
55,male,5635.0,2200.0,31,477,29,2
25,male,5620.0,2270.0,30,324,124,4
45,female,6210.0,2235.0,220,279,78,1
63,female,2015.0,1905.0,57,324,30,0
80,male,4825.0,2425.0,35,332,116,6
73,male,6225.0,2115.0,202,210,20,6
85,female,3035.0,1910.0,60,363,20,3
65,female,1815.0,1660.0,140,208,64,8
81,female,4815.0,1880.0,126,256,38,3
28,female,4820.0,2165.0,139,323,35,1
82,female,1825.0,1770.0,153,204,28,6
28,male,5045.0,2705.0,220,420,48,3
78,male,1035.0,2395.0,121,349,20,3
46,female,1825.0,1965.0,30,221,97,3
83,female,5630.0,2230.0,213,272,20,5
32,male,5645.0,2465.0,46,473,36,3
28,male,9730.0,2325.0,135,368,45,1
20,female,1825.0,1975.0,106,234,72,4
68,male,1815.0,2060.0,79,418,38,3
84,male,5025.0,2200.0,85,438,20,2
24,female,1035.0,2110.0,108,115,121,3
51,female,3515.0,2165.0,107,245,91,7
60,male,5610.0,2795.0,148,517,20,9
25,female,2015.0,1995.0,150,127,84,4
87,male,2515.0,1975.0,84,295,28,5
68,male,1025.0,2145.0,124,332,48,4
70,female,5645.0,2025.0,85,262,66,8
60,male,3510.0,2220.0,95,219,123,3
53,male,8920.0,2080.0,30,194,141,1
68,female,6220.0,2330.0,105,361,80,6
86,male,3535.0,2060.0,85,281,55,9
68,male,2515.0,2290.0,30,542,20,4
64,male,3535.0,2590.0,162,375,86,4
65,female,3025.0,1405.0,103,174,75,8
74,male,5620.0,2170.0,154,393,20,6
61,male,5010.0,1985.0,49,332,57,4
81,female,4825.0,2095.0,195,272,31,6
78,female,9710.0,1465.0,35,126,56,5
54,female,3515.0,2220.0,79,287,59,4
87,male,1825.0,2215.0,206,171,20,0
60,female,9730.0,1625.0,53,160,75,3
85,female,1035.0,2125.0,52,441,20,6
42,male,6225.0,2005.0,132,301,27,5
78,male,8920.0,2220.0,181,229,53,4
53,male,9730.0,2450.0,192,389,20,3
66,female,3535.0,2120.0,153,167,107,4
21,female,3035.0,2545.0,207,407,30,3
40,male,1025.0,2065.0,127,298,28,3
34,female,3025.0,2370.0,84,409,60,2
59,male,9720.0,2085.0,86,299,43,4
47,female,5635.0,1990.0,156,321,20,0
77,female,3535.0,1715.0,57,178,105,5
42,female,2545.0,1935.0,30,401,20,6
56,male,6535.0,1985.0,220,185,20,2
62,female,1030.0,1865.0,207,228,54,0
25,female,3035.0,2265.0,112,269,94,2
88,male,9720.0,2550.0,158,405,54,6
89,male,8925.0,2010.0,50,255,98,8
69,female,1035.0,1940.0,147,214,61,7
56,male,3040.0,2310.0,160,398,20,5
36,male,8910.0,2235.0,98,375,44,2
67,female,9730.0,2150.0,60,424,23,7
23,female,4810.0,2310.0,30,428,38,0
70,male,6515.0,2035.0,55,369,39,2
46,female,1825.0,1550.0,64,257,34,5
56,female,3550.0,1965.0,30,330,38,4
26,male,3025.0,2200.0,176,406,20,3
38,male,5645.0,1915.0,35,261,85,0
37,male,1825.0,1995.0,182,297,20,5
37,male,3515.0,1995.0,30,261,82,5
48,female,5610.0,1645.0,57,359,36,3
81,male,6225.0,1985.0,168,234,20,6
26,male,6210.0,2400.0,149,409,36,2
74,male,1035.0,2195.0,202,247,52,1
34,female,3510.0,2555.0,117,393,37,1
75,male,3025.0,1945.0,85,329,20,3
32,female,9735.0,2230.0,124,272,57,1
48,male,3515.0,1795.0,38,312,35,2
56,female,3550.0,2305.0,106,324,41,7
52,female,8925.0,2310.0,210,310,20,5
42,female,5035.0,2420.0,74,338,91,5
81,female,9710.0,2045.0,136,98,109,3
51,male,9710.0,2345.0,158,222,115,4
72,female,8920.0,1850.0,158,215,53,2
38,male,3530.0,2150.0,51,267,125,4
61,male,5035.0,2255.0,30,459,20,1
87,male,1825.0,2140.0,78,432,32,4
62,female,4815.0,1810.0,63,258,31,1
36,male,6220.0,2150.0,125,372,48,4
30,male,3550.0,2215.0,40,297,78,4
79,male,5620.0,1680.0,220,158,41,3
71,female,2015.0,2060.0,100,346,20,4
60,male,3540.0,2210.0,220,150,42,4
35,male,1030.0,1845.0,115,271,51,4
27,male,9710.0,2510.0,151,303,86,2
28,female,9735.0,2030.0,91,173,131,0
36,female,2015.0,2125.0,30,428,20,4
68,female,5615.0,2155.0,220,229,20,4
41,male,8925.0,2425.0,135,262,63,3
89,male,5615.0,2300.0,186,319,51,2
42,male,3530.0,2225.0,169,384,20,4
47,female,6210.0,2435.0,148,478,45,4
88,male,8925.0,2210.0,113,413,20,3
47,other,6210.0,2195.0,30,338,56,5
68,female,6215.0,1745.0,31,290,62,5
35,other,8920.0,2395.0,154,183,115,3
88,female,9720.0,1860.0,30,212,84,1
21,female,5020.0,2275.0,220,245,82,8
49,female,9735.0,1945.0,30,152,117,2
89,male,3035.0,2210.0,155,430,20,6
89,male,4825.0,2230.0,105,395,20,1
44,female,9730.0,2320.0,115,187,135,4
47,female,9720.0,2335.0,220,143,83,3
24,female,2515.0,2230.0,220,263,20,3
31,female,3550.0,2035.0,160,321,20,2
46,male,4820.0,2175.0,115,310,30,0
28,male,5635.0,1895.0,79,308,57,5
49,female,3035.0,2485.0,48,457,78,1
19,female,3040.0,1955.0,45,389,22,2
78,female,5045.0,2025.0,58,418,23,7
46,female,5635.0,2010.0,97,287,20,4
19,male,9720.0,2235.0,220,118,63,4
70,female,4820.0,1425.0,65,80,78,2
68,female,8910.0,1500.0,59,145,78,4
79,female,1025.0,2235.0,102,272,57,6
45,male,1815.0,2070.0,87,418,20,5
85,female,3515.0,1795.0,72,295,48,4
46,male,6210.0,2285.0,39,255,104,4
38,male,5045.0,2145.0,169,288,64,5
51,female,3540.0,2365.0,192,175,99,4
78,male,1025.0,2485.0,98,373,37,4
71,female,3530.0,2205.0,72,281,93,7
18,male,1030.0,2210.0,127,414,37,2
53,female,9730.0,1875.0,150,168,53,2
59,female,5015.0,2030.0,155,334,20,5
58,male,6535.0,1805.0,123,161,84,3
71,female,1030.0,1790.0,34,319,43,7
84,female,5615.0,2135.0,90,318,48,7
80,male,3035.0,2130.0,90,281,66,7
41,male,6210.0,1940.0,164,233,29,2
61,female,1025.0,1800.0,194,195,23,4
29,female,1825.0,2265.0,30,483,55,2
40,male,9710.0,2620.0,123,430,20,0
35,male,5630.0,2065.0,168,293,28,3
36,female,1030.0,2315.0,112,365,37,5
40,male,3515.0,2045.0,163,251,40,4
19,male,9735.0,2530.0,118,214,145,2
85,female,3515.0,1795.0,85,218,63,1
46,female,5635.0,1980.0,132,352,28,4
70,male,3550.0,2270.0,206,197,20,5
41,female,8925.0,2525.0,115,459,20,5
64,male,4815.0,2615.0,123,429,28,4
62,female,2015.0,2200.0,30,456,23,7
76,female,6210.0,2115.0,61,472,30,7
41,female,5035.0,2210.0,95,246,103,2
51,female,3515.0,1965.0,116,187,62,4
28,male,5635.0,1935.0,203,209,54,1
34,female,5630.0,2020.0,74,346,41,6
18,female,9710.0,2010.0,50,344,20,3
79,female,5015.0,2095.0,220,154,57,10
27,female,3040.0,1875.0,129,295,43,4
69,male,4810.0,2125.0,220,213,37,6
44,female,3515.0,2465.0,82,440,20,2
41,female,6210.0,1870.0,112,187,93,8
42,male,3025.0,2235.0,195,197,54,3
56,female,1035.0,1990.0,220,140,71,3
59,male,9730.0,1490.0,146,111,26,5
34,male,5615.0,2355.0,199,363,49,0
63,female,5615.0,1920.0,220,222,27,4
87,female,3025.0,2035.0,90,265,66,9
66,male,3535.0,2570.0,62,330,106,4
26,male,3025.0,2375.0,175,364,34,2
19,female,5015.0,2060.0,109,320,20,4
18,female,1025.0,2010.0,176,293,20,2
51,female,9735.0,2220.0,42,279,108,3
54,female,5610.0,2275.0,64,364,53,6
80,male,8920.0,2435.0,52,431,63,2
50,male,8920.0,2780.0,94,471,81,3
63,female,4815.0,2520.0,82,469,54,5
20,male,5610.0,2400.0,152,382,32,1
23,male,5645.0,2335.0,220,259,20,5
36,male,6225.0,2180.0,51,418,20,4
66,male,9735.0,2270.0,115,285,54,2
80,female,8925.0,2670.0,163,227,121,3
64,female,5645.0,2055.0,194,305,20,2
72,female,6515.0,1510.0,132,202,21,6
38,male,3515.0,2465.0,84,396,28,3
75,male,1035.0,1975.0,150,247,51,5
77,male,5620.0,2390.0,150,490,20,5
88,female,2515.0,1905.0,41,474,20,3
72,male,1035.0,2165.0,149,361,26,5
39,male,2015.0,2200.0,30,452,20,2
87,male,9710.0,2315.0,172,251,96,3
19,male,5645.0,2185.0,125,335,41,1
65,female,3515.0,2055.0,106,301,20,7
55,male,1030.0,2320.0,79,322,74,0
45,female,1825.0,1550.0,69,186,20,7
35,male,3025.0,2000.0,43,269,89,3
69,female,9730.0,2660.0,129,478,34,7
78,male,5635.0,1860.0,131,352,26,6
35,male,9710.0,2750.0,159,151,152,1
54,male,5045.0,2780.0,190,396,33,1
28,female,6220.0,2785.0,67,600,34,4
56,male,2015.0,2150.0,220,158,71,5
84,male,3540.0,1605.0,90,230,33,5
37,female,6215.0,2080.0,57,439,20,4
26,male,1825.0,2510.0,144,501,35,3
24,other,3025.0,2605.0,97,235,136,0
30,female,3025.0,2300.0,163,385,20,2
25,female,2545.0,2215.0,89,195,141,5
85,male,3025.0,2110.0,73,251,100,4
66,male,3025.0,2295.0,142,304,34,3
72,female,1035.0,1970.0,196,209,75,5
70,male,3550.0,2185.0,121,250,89,3
57,male,2545.0,2120.0,166,328,37,1
41,female,6515.0,1830.0,123,220,57,3
89,male,3540.0,2095.0,220,247,26,3
52,male,2515.0,2175.0,220,214,20,6
40,male,8910.0,2200.0,42,360,52,2
87,male,5610.0,1900.0,30,473,28,3
81,female,6225.0,1625.0,30,332,20,2
29,female,1825.0,2215.0,142,152,111,2
25,female,5645.0,1925.0,35,224,73,3
64,female,3040.0,1820.0,85,266,29,3
79,female,5015.0,1930.0,30,373,39,7
47,male,3025.0,2265.0,158,349,20,2
26,male,1815.0,1925.0,30,416,36,3
87,male,5610.0,1975.0,138,219,41,6
34,other,5635.0,2370.0,54,395,51,1
49,female,6220.0,2115.0,88,381,24,7
64,female,8920.0,2280.0,54,344,52,3
26,female,1035.0,1910.0,30,314,80,3
84,female,9720.0,1860.0,78,176,121,3
29,male,5025.0,2370.0,149,456,20,9
62,female,1030.0,1895.0,104,378,35,4
54,male,5620.0,2775.0,220,268,61,6
64,female,3040.0,1655.0,44,335,24,4
18,female,1045.0,2010.0,97,322,64,6
46,female,2545.0,2170.0,134,289,54,3
80,male,2545.0,2595.0,60,372,117,5
68,female,5620.0,1585.0,65,147,69,1
58,female,1030.0,1650.0,90,237,62,0
63,female,3515.0,2555.0,163,347,72,4
88,female,3510.0,1800.0,137,124,82,7
40,male,5610.0,2210.0,146,390,20,3
23,male,9710.0,2075.0,76,353,56,1
73,female,3025.0,1850.0,59,238,81,4
18,female,1025.0,2010.0,220,243,20,2
31,male,4810.0,2490.0,46,475,36,2
22,male,4815.0,2685.0,111,151,136,5
24,male,9720.0,2200.0,35,357,58,2
53,male,1035.0,2190.0,107,318,44,4
21,male,6535.0,2010.0,161,299,20,2
58,male,3025.0,1480.0,35,157,55,4
56,female,5620.0,1990.0,200,216,20,2
71,female,3530.0,1980.0,85,218,92,1
75,male,5630.0,2270.0,149,285,49,1
82,female,8910.0,1635.0,38,363,24,4
43,female,1035.0,2365.0,220,334,39,1
42,male,3040.0,2150.0,82,242,116,2
39,male,1825.0,2065.0,195,282,20,5
20,female,3515.0,1750.0,49,328,27,3
28,female,5035.0,2255.0,144,238,79,3
58,female,5645.0,2090.0,178,175,49,2
25,other,5015.0,2060.0,109,298,20,2
60,male,1825.0,2545.0,220,217,20,0
77,female,3535.0,1915.0,220,192,20,0
55,male,3025.0,1490.0,146,100,89,10
46,female,3510.0,2210.0,57,419,60,2
74,male,2545.0,2055.0,37,345,43,0
34,male,3515.0,2610.0,34,263,129,1
18,female,8920.0,2525.0,77,380,89,4
75,other,3540.0,1830.0,61,156,126,0
65,male,3040.0,1725.0,134,180,46,1
29,female,2545.0,2030.0,89,353,20,4
45,female,4820.0,2165.0,30,257,91,1
73,male,5015.0,1750.0,113,319,20,4
79,female,4825.0,1830.0,146,225,20,4
71,male,4815.0,2480.0,220,314,20,4
53,female,3035.0,2215.0,100,282,66,3
78,male,9710.0,2350.0,121,207,138,3
20,male,5610.0,2335.0,220,155,32,4
51,female,3510.0,2350.0,30,352,102,5
47,female,5015.0,2310.0,151,456,20,3
42,female,8910.0,1655.0,30,341,24,4
53,female,5630.0,2130.0,220,166,60,2
85,male,3540.0,1790.0,30,328,44,6
49,male,8920.0,2355.0,62,352,52,2
39,other,5635.0,2115.0,220,172,60,2
79,female,6220.0,1990.0,61,287,71,6
23,female,5620.0,2005.0,55,391,20,5
51,female,8925.0,2255.0,68,272,95,8
49,male,1825.0,2150.0,141,254,49,3
86,male,9735.0,2090.0,44,315,97,5
19,male,6225.0,1950.0,160,272,30,1
62,male,5025.0,1585.0,172,237,23,6
46,male,3550.0,2215.0,124,379,42,5
32,male,8910.0,2210.0,67,284,80,0
19,male,4815.0,2770.0,100,416,20,6
44,female,1815.0,2155.0,31,452,38,4
35,female,1035.0,2055.0,76,269,72,4
29,female,1035.0,1910.0,114,260,35,6
29,male,4810.0,2535.0,206,379,40,1
81,male,6515.0,1895.0,47,413,20,1
65,female,9730.0,1200.0,121,215,20,7
61,male,2545.0,2240.0,131,291,54,1
60,female,3515.0,2055.0,104,346,20,5
57,male,9710.0,2085.0,99,104,130,7
87,female,1035.0,1880.0,185,215,30,4
35,female,4815.0,1860.0,220,226,20,2
58,male,9710.0,2250.0,40,323,86,6
84,male,3025.0,2615.0,123,365,101,2
69,male,9730.0,1390.0,35,269,37,3
70,male,3025.0,1845.0,110,275,28,4
87,female,1035.0,1855.0,79,242,87,5
72,female,1035.0,2000.0,158,261,52,6
53,male,1815.0,2065.0,117,298,20,9
38,male,1025.0,2125.0,158,378,20,2
26,male,4820.0,1995.0,83,357,32,1
57,male,1035.0,2610.0,120,468,37,3
72,female,1030.0,1500.0,30,134,78,5
28,female,5035.0,2350.0,54,322,94,2
32,other,9730.0,2000.0,152,257,31,2
73,male,5045.0,1995.0,146,225,49,6
41,female,3025.0,1785.0,154,100,89,3
19,male,5045.0,2300.0,160,431,28,4
35,other,3515.0,2145.0,182,325,20,4
53,female,5620.0,1875.0,137,232,28,2
35,female,1815.0,2450.0,186,323,42,0
63,female,3515.0,2085.0,71,328,74,3
35,male,5035.0,2035.0,30,156,116,1
28,female,3535.0,1935.0,30,221,79,3
38,male,9735.0,2070.0,220,224,20,2
55,female,3025.0,1565.0,132,190,20,6
35,female,3510.0,2120.0,139,254,54,2
88,female,1030.0,2135.0,47,453,62,1
85,female,2015.0,1865.0,220,214,41,6
31,female,5620.0,2240.0,207,264,61,4
41,female,6210.0,1870.0,97,103,90,1
28,male,5025.0,2435.0,113,412,28,2
30,male,6535.0,1865.0,220,212,21,5
66,male,9735.0,2065.0,44,372,44,1
50,female,1815.0,2155.0,149,433,20,5
55,male,2545.0,2185.0,94,285,77,4
87,female,1035.0,1740.0,105,206,20,1
22,other,5630.0,2320.0,220,80,45,3
19,male,3025.0,2450.0,151,539,20,2
27,female,6535.0,2210.0,124,395,25,0
82,male,3510.0,2490.0,63,281,179,4
64,female,5025.0,1355.0,43,297,20,7
54,male,9730.0,1905.0,117,357,20,4
86,female,3515.0,1835.0,146,320,33,6
79,male,5620.0,2165.0,79,381,27,5
23,male,1815.0,1925.0,140,293,41,6
72,male,1035.0,2045.0,102,213,75,4
87,female,3025.0,2035.0,90,359,29,6
82,male,4825.0,2665.0,207,332,26,0
68,male,5020.0,2185.0,135,357,20,10
38,male,5645.0,2400.0,220,329,20,5
83,female,1025.0,2280.0,34,449,24,1
23,female,1035.0,2110.0,131,361,29,2
51,female,9735.0,2030.0,30,192,146,5
31,female,3540.0,2340.0,59,478,55,1
38,female,9720.0,2225.0,35,338,85,4
30,male,1825.0,1960.0,140,293,20,5
79,male,3025.0,1680.0,212,124,20,3
51,female,3040.0,2420.0,149,391,20,2
81,female,3550.0,1670.0,143,223,22,4
47,male,5010.0,2675.0,118,430,40,3
34,male,8920.0,2380.0,45,80,172,1
43,female,5630.0,2080.0,220,88,45,2
23,female,6225.0,2170.0,30,464,33,2
49,male,5610.0,2125.0,41,438,28,3
66,female,5610.0,2145.0,41,332,74,3
76,male,4820.0,2180.0,48,325,82,3
45,female,3550.0,2045.0,220,221,52,3
72,male,9730.0,2385.0,220,213,20,3
61,male,5010.0,1985.0,92,279,39,1
38,female,9720.0,2215.0,89,298,43,2
81,male,1035.0,2415.0,73,282,95,5
20,female,3035.0,2380.0,99,307,84,2
86,female,9730.0,1620.0,113,304,20,1
78,male,5635.0,2190.0,149,398,20,4
34,male,6535.0,1965.0,70,359,21,2
56,male,5020.0,2510.0,150,405,20,4
75,female,3535.0,1905.0,178,131,67,1
24,other,9710.0,2160.0,220,154,72,3
49,male,3025.0,2055.0,206,190,75,2
48,female,3025.0,2525.0,48,375,93,4
50,male,3515.0,2250.0,73,426,27,3
20,female,1045.0,2010.0,48,321,66,1
62,female,1825.0,1715.0,214,209,20,4
63,female,9730.0,2180.0,143,358,43,5
64,female,3025.0,1725.0,182,100,54,3
73,female,3025.0,1775.0,30,330,58,5
38,male,3515.0,2250.0,197,346,20,2
73,male,6515.0,1605.0,53,200,37,2
22,female,3035.0,2045.0,44,436,23,1
75,male,5630.0,2615.0,64,294,115,1
88,male,9720.0,2140.0,30,476,20,3
61,female,1025.0,2220.0,91,426,20,3
87,male,1030.0,2060.0,69,298,68,0
52,male,3515.0,2165.0,220,275,57,4
56,female,1825.0,1735.0,64,190,59,3
33,male,6225.0,1995.0,51,351,20,4
36,female,1825.0,1870.0,46,252,97,4
57,male,3025.0,1570.0,146,222,20,10
35,female,5645.0,1865.0,165,298,20,2
86,male,5635.0,2270.0,40,452,37,6
62,male,1825.0,1835.0,122,320,20,6
79,female,3540.0,1595.0,30,292,42,6
46,female,4820.0,2165.0,56,284,98,4
87,male,5635.0,1830.0,79,366,41,3
56,male,6210.0,1965.0,79,254,93,4
34,female,5620.0,2430.0,30,514,30,5
49,male,5610.0,3120.0,97,498,28,3
54,male,5045.0,2345.0,198,321,39,6
72,male,5610.0,2240.0,90,414,20,5
30,male,5020.0,2090.0,201,233,26,8
48,female,3515.0,2135.0,56,331,81,4
81,female,9730.0,1985.0,114,353,20,5
66,male,3515.0,2705.0,90,405,40,2
78,female,5045.0,2220.0,132,304,43,7
42,other,6220.0,2015.0,39,386,20,3
42,female,1030.0,2210.0,80,322,79,0
75,male,9720.0,1975.0,56,139,115,5
81,male,3515.0,2295.0,220,263,39,3
60,other,6210.0,2300.0,63,278,73,3
26,male,6210.0,2400.0,30,338,94,3
57,female,2515.0,2240.0,142,382,28,10
72,male,4825.0,2185.0,105,421,27,4
57,male,3025.0,1490.0,69,190,33,3
56,male,3035.0,2230.0,155,344,20,5
29,female,3540.0,1875.0,161,250,20,2
22,female,2015.0,2160.0,30,428,20,7
78,male,5645.0,2260.0,142,431,20,3
22,male,2545.0,2530.0,102,454,85,3
55,male,3025.0,2055.0,30,458,20,3
44,female,3515.0,2420.0,81,345,79,4
36,male,6220.0,2285.0,38,316,87,6
22,female,2515.0,2270.0,137,285,33,2
37,male,1035.0,2170.0,125,374,20,3
75,other,5615.0,2090.0,87,374,26,5
18,other,1035.0,2190.0,80,239,101,3
43,female,5645.0,1915.0,49,224,87,0
26,male,1030.0,2400.0,44,341,93,2
48,female,5025.0,1475.0,82,303,53,2
25,female,1025.0,2055.0,220,282,24,3
44,female,5610.0,2380.0,129,296,73,4
25,other,3025.0,2085.0,220,129,92,3
74,male,5620.0,2060.0,104,369,38,4
42,male,6210.0,2270.0,38,415,74,3
59,male,5630.0,2445.0,220,138,41,4
50,male,3550.0,2470.0,114,435,22,4
18,female,5035.0,1825.0,44,300,33,5
56,male,5610.0,2525.0,220,287,29,5
22,male,4825.0,1755.0,30,328,50,1
46,male,5645.0,2005.0,150,263,47,10
47,male,5025.0,1935.0,65,228,114,2
40,male,2545.0,2495.0,63,230,129,1
72,male,6220.0,1845.0,220,165,24,2
51,male,3040.0,1975.0,150,284,28,8
60,female,4815.0,2120.0,47,441,20,2
18,other,8920.0,2395.0,196,222,85,6
42,female,8910.0,1710.0,59,190,84,1
84,male,1030.0,1880.0,181,150,85,6
51,female,5045.0,1585.0,165,212,20,1
61,other,5645.0,1955.0,165,292,35,2
65,male,4815.0,2100.0,30,459,20,3
35,female,6220.0,2270.0,54,351,76,2
85,male,5025.0,2030.0,155,257,58,7
58,female,4820.0,2020.0,172,80,63,2
71,male,5620.0,2060.0,165,359,20,4
50,female,1025.0,1980.0,162,196,68,3
86,male,5645.0,1880.0,30,407,20,5
37,male,2515.0,2365.0,170,310,24,3
62,female,6215.0,2005.0,94,242,71,4
67,male,6210.0,2280.0,104,442,40,3
56,female,6210.0,2210.0,31,390,43,4
40,female,5010.0,1980.0,53,317,52,2
56,female,6220.0,2310.0,82,293,80,6
36,male,5025.0,2170.0,220,237,20,8
40,male,2545.0,2655.0,98,273,122,2
59,female,9710.0,1985.0,210,131,76,4
73,male,3530.0,2240.0,79,312,63,4
66,male,3025.0,1850.0,164,247,20,4
63,male,1025.0,2325.0,220,279,20,4
84,female,5630.0,1890.0,60,223,100,7
43,male,2015.0,2170.0,62,329,84,4
33,female,1045.0,1530.0,36,190,53,2
74,male,5045.0,2200.0,35,490,23,4
87,male,1035.0,2225.0,150,247,88,4
50,male,5635.0,1895.0,52,324,28,4
29,male,4815.0,2290.0,199,289,60,3
53,female,1035.0,1665.0,51,363,43,7
59,male,5035.0,2545.0,220,304,56,2
71,other,4820.0,1830.0,156,195,53,2
87,female,5035.0,1805.0,45,178,108,1
44,female,3025.0,1790.0,30,318,22,2
34,female,5035.0,1865.0,137,159,86,2
53,female,3540.0,1855.0,30,296,43,4
61,female,5035.0,1925.0,47,282,58,1
41,female,6210.0,2285.0,39,472,65,1
54,male,4815.0,2375.0,30,291,112,2
51,male,4815.0,2620.0,220,102,56,4
35,other,3025.0,1530.0,30,303,43,1
24,male,5620.0,2250.0,46,470,55,4
76,female,3515.0,1845.0,95,303,23,7
64,female,1035.0,2410.0,102,319,76,6
49,male,5620.0,2600.0,220,286,20,5
31,female,3550.0,2035.0,215,190,20,5
42,male,5645.0,2450.0,144,442,20,9
23,male,1815.0,1830.0,146,266,39,3
62,female,5020.0,2130.0,220,260,20,3
37,male,9735.0,2340.0,75,379,66,1
20,other,4820.0,1950.0,210,127,68,1
75,male,1025.0,2460.0,210,193,97,2
35,female,9710.0,2080.0,164,265,64,1
84,female,3035.0,2195.0,140,352,20,2
81,male,5645.0,2125.0,89,434,20,10
18,male,4815.0,2720.0,30,151,180,1
30,male,4810.0,2460.0,37,496,65,4
60,male,4815.0,1990.0,164,224,52,7
89,male,9735.0,2300.0,30,414,40,3
37,male,5620.0,1960.0,48,314,59,4
85,female,2015.0,1620.0,110,97,116,5
65,female,1035.0,1890.0,207,182,58,6
88,female,1030.0,1705.0,149,154,45,9
80,female,6215.0,1595.0,30,340,20,3
27,male,1045.0,2400.0,137,363,50,2
57,female,6535.0,2020.0,30,318,70,4
85,male,1030.0,1795.0,39,319,35,1
42,male,6225.0,1840.0,57,418,20,4
56,male,8920.0,2415.0,154,226,96,1
40,female,5010.0,2010.0,220,195,22,3
62,other,3530.0,2410.0,220,317,23,3
75,female,5620.0,1735.0,137,232,41,5
44,female,9730.0,2115.0,157,323,60,3
88,female,2515.0,1650.0,74,105,123,6
81,male,1825.0,2420.0,220,217,29,6
71,female,5620.0,1715.0,56,190,66,1
85,male,4815.0,1920.0,96,191,106,2
63,other,4820.0,1830.0,30,236,74,1
51,male,1825.0,2160.0,91,411,20,5
72,female,3535.0,1775.0,30,250,56,1
53,other,5615.0,2010.0,96,359,26,0
25,other,2515.0,2195.0,192,346,25,3
85,female,6210.0,2270.0,158,324,44,6
30,male,5020.0,2290.0,220,279,20,3
54,male,2545.0,2255.0,88,231,111,4
46,male,5645.0,2470.0,132,442,20,9
49,female,6535.0,1640.0,146,290,20,8
56,female,5645.0,2105.0,122,301,63,2
26,female,3540.0,1815.0,112,357,20,2
51,female,1825.0,2060.0,104,326,22,3
85,female,8910.0,1425.0,46,145,59,5
35,female,5025.0,1760.0,135,276,33,2
20,male,5025.0,2245.0,148,291,48,4
39,female,5620.0,2215.0,107,411,20,7
63,male,6535.0,2005.0,86,439,20,5
39,male,8910.0,1955.0,30,324,59,1
74,male,5620.0,2185.0,192,289,49,2
46,female,5630.0,1645.0,110,291,22,2
20,male,3025.0,2205.0,220,201,20,1
71,female,3025.0,2120.0,84,395,25,2
33,female,6225.0,2340.0,30,523,20,2
33,female,4810.0,2430.0,74,391,38,1
53,female,3515.0,2365.0,129,435,20,6
78,male,1035.0,2275.0,60,279,112,3
24,male,5615.0,2195.0,107,288,49,2
53,female,1815.0,2030.0,78,391,23,3
69,male,9730.0,1705.0,189,219,20,6
25,male,3530.0,2430.0,114,439,48,4
37,female,3025.0,2070.0,146,195,92,3
78,female,5645.0,1800.0,165,334,20,1
51,male,6220.0,2750.0,174,415,20,6
19,male,3025.0,2300.0,79,503,20,2
67,male,3025.0,2190.0,184,389,20,1
63,female,2015.0,2200.0,68,364,55,4
29,other,2515.0,1865.0,46,288,59,3
19,male,9735.0,2845.0,110,235,133,2
55,male,6210.0,2065.0,90,269,90,4
38,female,3530.0,2095.0,97,323,47,4
84,female,6535.0,1800.0,54,216,84,6
68,female,1035.0,2030.0,101,255,69,2
30,male,6210.0,2155.0,188,331,20,1
50,male,3540.0,2225.0,30,449,43,3
48,male,1035.0,2340.0,91,336,78,1
49,male,4820.0,1845.0,53,192,115,1
53,other,8910.0,2055.0,158,276,36,2
59,male,5645.0,2470.0,97,402,85,4
52,male,3515.0,1975.0,56,301,57,6
65,male,5620.0,2765.0,220,302,20,3
40,male,2545.0,2655.0,220,195,29,1
36,female,1825.0,2095.0,112,188,70,6
27,male,8920.0,2380.0,168,80,120,2
78,female,5015.0,2350.0,149,456,20,6
80,female,1035.0,2200.0,220,201,71,4
23,male,2545.0,2845.0,149,428,37,4
60,male,4815.0,2210.0,114,395,29,3
67,female,6225.0,2025.0,39,376,22,6
18,male,8910.0,2445.0,87,419,22,1
65,female,9730.0,1660.0,189,130,46,3
74,female,2515.0,1910.0,40,474,20,1
22,female,3025.0,2520.0,133,167,177,1
19,female,5015.0,2060.0,109,358,75,4
31,male,9730.0,2355.0,85,245,113,4
83,other,2545.0,1905.0,148,80,84,7
34,male,9730.0,2455.0,151,491,20,1
23,female,4810.0,2225.0,55,441,38,0
84,male,2545.0,2645.0,114,405,56,0
56,female,1025.0,2370.0,67,454,24,9
57,female,5035.0,1660.0,30,292,43,6
59,female,1815.0,1855.0,61,392,54,3
25,male,5025.0,1945.0,59,369,21,2
86,other,6220.0,2335.0,197,263,55,4
35,female,6220.0,2310.0,169,295,30,7
36,female,3540.0,2090.0,199,214,20,0
19,male,8910.0,2235.0,77,442,58,2
81,male,3025.0,1945.0,141,284,20,8
66,female,3515.0,1820.0,169,228,38,1
37,male,2515.0,2240.0,70,542,20,4
64,female,4820.0,1685.0,220,95,55,0
46,male,9735.0,2175.0,30,279,98,1
57,male,9710.0,2535.0,220,314,38,3
27,male,5015.0,2460.0,152,364,28,2
69,female,1035.0,2100.0,49,350,54,1
45,male,3025.0,2305.0,30,347,83,1
87,male,5610.0,2210.0,68,292,93,4
53,female,3515.0,2365.0,61,391,28,4
65,female,3025.0,1955.0,106,258,69,2
88,female,4815.0,1710.0,138,94,109,5
34,female,5630.0,2265.0,168,390,20,4
87,female,3035.0,1740.0,49,290,33,6
86,male,6210.0,2745.0,205,379,20,4
33,male,5025.0,2035.0,220,270,20,6
86,female,5620.0,1310.0,30,269,20,6
31,male,3025.0,2490.0,136,364,45,4
62,male,1825.0,1865.0,98,384,20,6
19,male,4815.0,2720.0,165,347,80,3
78,female,9710.0,1575.0,188,195,20,2
51,male,5615.0,2250.0,113,408,42,4
59,female,5630.0,1825.0,70,214,75,3
78,male,3535.0,2095.0,72,115,144,5
36,male,5025.0,1970.0,136,309,20,2
29,female,1035.0,2030.0,77,321,64,2
53,male,8920.0,2365.0,30,154,176,1
18,female,3515.0,1955.0,30,405,28,3
87,male,2515.0,1955.0,84,319,53,2
42,female,1825.0,1390.0,57,299,20,5
60,male,4815.0,2020.0,63,319,77,4
79,male,4815.0,2805.0,206,391,22,3
28,female,6535.0,1880.0,54,317,28,2
34,female,1825.0,2100.0,194,235,31,1
60,female,9730.0,1785.0,83,183,57,4
55,female,3025.0,1355.0,75,208,28,0
67,male,9735.0,2270.0,35,376,61,2
89,male,3515.0,2050.0,30,428,20,2
27,female,1030.0,2355.0,212,304,37,4
49,female,4820.0,1895.0,80,154,113,2
58,male,2515.0,2175.0,151,393,20,7
77,male,5620.0,2155.0,79,347,33,1
29,female,1825.0,2045.0,215,243,20,4
22,other,3040.0,1715.0,181,223,37,3
45,male,5635.0,1605.0,30,195,53,5
20,male,1815.0,2235.0,113,377,33,4
55,male,2545.0,2255.0,59,288,93,2
56,female,8920.0,1990.0,30,186,143,2
83,female,5635.0,1400.0,87,211,66,9
22,male,5035.0,2075.0,151,185,81,1
88,male,5645.0,1955.0,191,294,30,3
27,male,1045.0,2285.0,135,392,25,4
19,female,5015.0,2585.0,87,329,75,2
86,female,5635.0,1800.0,72,270,42,7
72,male,1030.0,1810.0,76,188,105,0
55,male,9720.0,2235.0,144,141,104,2
35,female,9710.0,2200.0,144,281,57,1
51,male,3025.0,1835.0,45,321,41,7
22,female,3040.0,2250.0,73,389,45,4
60,male,9730.0,1480.0,35,149,55,3
56,male,8920.0,2175.0,32,305,82,3
73,female,3025.0,1975.0,152,142,90,4
24,male,6225.0,1995.0,51,348,24,3
44,female,5610.0,2260.0,124,357,47,3
67,female,3025.0,2175.0,30,472,20,2
61,female,1825.0,1825.0,146,263,20,7
20,female,1825.0,2215.0,220,237,20,2
38,female,6220.0,2230.0,131,268,72,7
46,female,3510.0,1980.0,55,366,20,0
39,female,5620.0,1285.0,30,145,80,4
28,female,5610.0,2565.0,220,178,69,2
69,female,1035.0,2220.0,158,319,34,2
45,female,1825.0,2150.0,113,188,121,4
62,female,9710.0,2075.0,91,353,23,4
35,other,6515.0,2145.0,32,477,20,4
24,male,3510.0,2275.0,90,289,64,0
86,female,5015.0,1530.0,99,287,20,7
88,female,3510.0,2140.0,171,163,131,0
89,female,3550.0,1890.0,41,216,107,2
68,female,3515.0,1530.0,149,105,38,3
75,male,9720.0,2040.0,44,318,65,4
20,male,5610.0,2580.0,220,178,53,5
26,male,9710.0,2225.0,30,338,84,1
42,female,5620.0,2530.0,48,474,55,2
74,female,3510.0,2240.0,30,329,84,3
20,female,2015.0,2040.0,57,324,71,2
68,male,4815.0,2395.0,95,397,36,3
67,male,5620.0,2765.0,220,334,38,6
89,male,5020.0,2225.0,128,341,26,6
35,female,1035.0,2055.0,216,195,42,2
66,male,3025.0,2160.0,64,459,20,0
20,female,3515.0,1750.0,182,196,20,1
58,male,5620.0,2415.0,80,393,76,3
22,male,2545.0,2285.0,127,207,79,1
84,male,5025.0,2200.0,69,474,20,4
18,female,4815.0,2410.0,155,364,60,3
85,female,4815.0,1775.0,34,237,71,3
80,male,9735.0,2205.0,64,376,66,2
20,male,1815.0,2300.0,141,395,20,7
75,male,6515.0,1935.0,85,341,20,6
78,female,1035.0,1930.0,131,301,20,4
84,male,1035.0,1860.0,64,274,85,8
42,female,9735.0,1985.0,57,176,131,4
60,male,5610.0,2355.0,220,206,71,2
62,male,5630.0,2270.0,63,430,47,4
38,female,3510.0,2015.0,30,324,52,4
24,female,2015.0,2295.0,30,452,47,6
57,male,3535.0,2450.0,63,339,91,2
32,male,3540.0,2495.0,35,572,23,1
57,male,5015.0,2390.0,220,367,20,3
65,female,3515.0,1820.0,156,272,26,2
41,female,6515.0,1720.0,220,102,31,2
32,female,1825.0,2285.0,30,360,100,4
62,male,5630.0,2105.0,220,284,20,4
35,male,5035.0,2415.0,30,360,88,0
82,female,1045.0,1690.0,72,316,20,2
21,female,1825.0,2155.0,109,438,20,7
83,female,9735.0,1450.0,30,178,75,1
20,male,5620.0,1745.0,37,347,25,2
89,male,4815.0,1990.0,179,199,58,3
64,female,5645.0,1845.0,105,393,20,7
40,male,4825.0,2270.0,78,269,104,4
30,male,1825.0,1890.0,122,291,20,5
26,female,3025.0,2055.0,82,345,27,3
88,female,5620.0,1605.0,45,341,34,2
56,male,9730.0,1785.0,134,180,20,6
57,female,3040.0,1635.0,66,222,34,5
70,male,1035.0,2195.0,220,145,72,1
74,female,9710.0,2175.0,60,306,93,3
27,male,9710.0,2510.0,156,414,49,5
78,male,5635.0,2070.0,131,352,29,4
46,female,1035.0,1745.0,175,218,24,2
85,female,1030.0,1605.0,149,80,45,2
39,male,8910.0,2180.0,30,360,54,4
72,female,4820.0,1930.0,47,236,84,2
25,male,4825.0,2420.0,151,369,45,4
57,female,3515.0,2230.0,90,345,71,4
42,male,5645.0,2150.0,47,432,20,4
75,female,8925.0,2215.0,85,447,33,4
84,female,1825.0,1990.0,116,202,78,7
47,female,1035.0,2365.0,220,304,33,6
69,male,4810.0,2410.0,210,257,119,9
36,female,9730.0,2625.0,151,457,20,2
44,female,4815.0,2070.0,119,135,131,1
45,female,1825.0,2045.0,210,159,44,1
71,female,1030.0,1505.0,51,134,78,2
80,female,9735.0,1355.0,62,124,85,3
57,female,1030.0,1860.0,52,312,52,1
59,male,5645.0,2120.0,148,293,57,10
36,female,9730.0,2105.0,45,358,46,7
50,female,6220.0,2450.0,82,505,20,5
51,male,5630.0,2325.0,207,299,33,4
87,male,2515.0,1955.0,77,294,57,5
54,male,2515.0,2100.0,142,293,39,9
36,male,1035.0,2035.0,114,234,82,2
24,male,3530.0,2625.0,103,420,67,3
70,female,3535.0,1675.0,88,206,63,5
22,male,4825.0,2195.0,42,314,91,3
68,male,9730.0,2335.0,76,379,74,4
39,male,8910.0,2180.0,88,284,55,2
84,female,3035.0,2065.0,60,363,37,1
53,female,5620.0,1565.0,69,218,32,1
31,female,5610.0,2540.0,167,492,37,2
68,female,4815.0,1915.0,82,294,49,6
57,male,4815.0,2675.0,30,251,180,6
29,male,5035.0,2440.0,30,436,104,4
23,male,9730.0,2595.0,91,500,20,2
53,female,5035.0,2275.0,65,278,98,3
86,male,9710.0,1765.0,58,172,108,1
76,male,4810.0,2035.0,220,275,20,4
70,female,1025.0,1985.0,73,418,20,3
38,female,5645.0,1390.0,79,150,62,2
67,male,3025.0,2190.0,80,392,28,7
35,female,3540.0,1810.0,161,236,20,3
38,male,3510.0,2290.0,112,268,72,1
78,female,3535.0,1800.0,164,204,53,4
53,male,1825.0,2005.0,95,253,58,3
54,male,6225.0,2200.0,35,392,43,4
49,female,9735.0,1985.0,61,176,117,2
84,male,5015.0,1930.0,99,369,20,8
30,female,5620.0,2535.0,30,521,20,5
57,female,9730.0,2185.0,176,216,79,2
35,female,4810.0,2215.0,117,268,113,4
79,female,5620.0,1290.0,149,146,42,3
86,male,3535.0,2070.0,148,244,99,5
32,female,9720.0,2420.0,88,339,86,1
58,male,3515.0,2450.0,144,294,50,5
78,female,5645.0,1480.0,43,241,32,7
31,male,4825.0,2355.0,115,299,49,4
56,female,8920.0,2530.0,122,242,136,2
40,female,1825.0,1785.0,126,320,20,7
66,male,3530.0,2425.0,105,370,51,4
23,female,1035.0,1725.0,42,335,37,1
56,female,3510.0,2225.0,51,420,53,1
70,male,4825.0,2395.0,220,244,20,2
40,male,3515.0,2565.0,193,400,40,3
62,female,2545.0,2330.0,116,198,130,6
33,female,1030.0,2150.0,68,118,151,3
86,male,3550.0,1960.0,74,307,66,4
35,female,8925.0,2675.0,126,375,68,6
51,male,3515.0,1830.0,97,267,36,3
50,male,6225.0,1945.0,86,392,20,3
66,male,2545.0,2545.0,51,263,126,0
18,female,3025.0,2440.0,79,505,20,6
62,male,1825.0,1835.0,61,418,20,6
53,female,3540.0,1990.0,204,165,26,2
29,female,1045.0,2120.0,72,279,61,4
39,female,9730.0,2100.0,61,336,70,4
76,female,9710.0,2065.0,188,195,52,9
42,male,3540.0,2215.0,35,542,20,3
62,male,4815.0,2505.0,171,347,20,3
74,male,1045.0,2140.0,34,255,108,7
35,male,3515.0,2310.0,47,173,173,1
71,male,4815.0,1945.0,30,410,48,4
79,female,6215.0,1645.0,31,296,69,2
41,male,5635.0,2115.0,76,224,116,2
85,female,1030.0,1610.0,30,172,85,6
64,female,5025.0,1355.0,47,303,20,7
45,male,8910.0,2100.0,89,310,66,2
44,female,1825.0,1915.0,98,333,20,5
80,male,1030.0,2550.0,220,266,25,3
56,male,3040.0,2135.0,114,395,27,6
78,male,8920.0,2400.0,220,243,71,4
80,female,1025.0,2030.0,70,369,59,3
83,female,6535.0,1410.0,103,183,37,10
32,female,5620.0,2670.0,206,348,35,2
38,female,5035.0,2210.0,95,259,77,2
71,female,3515.0,1795.0,50,312,31,2
40,male,6225.0,2055.0,82,404,20,2
69,male,3040.0,1545.0,44,256,66,9
52,female,9730.0,1805.0,162,178,32,4
68,male,2515.0,2355.0,220,293,20,10
59,female,9720.0,2035.0,69,216,104,2
23,male,2545.0,2525.0,110,242,138,1
84,female,9710.0,2045.0,220,212,38,1
29,female,5630.0,2320.0,191,257,87,3
41,male,6515.0,2565.0,123,437,36,3
57,male,3540.0,1975.0,204,195,37,4
49,female,6515.0,1285.0,45,211,53,3
89,other,3540.0,1830.0,79,345,20,4
82,male,4810.0,2015.0,107,211,94,4
51,female,2545.0,2170.0,105,342,97,7
28,male,2515.0,2345.0,216,262,20,3
32,male,5645.0,2050.0,89,392,28,6
75,male,1035.0,1820.0,41,314,69,4
29,male,1825.0,2395.0,117,424,20,5
27,female,3025.0,2440.0,133,129,177,2
58,male,4820.0,2130.0,70,348,62,1
20,female,3025.0,2400.0,30,378,72,0
65,male,8910.0,2235.0,77,292,91,4
22,male,1045.0,2490.0,113,365,115,6
68,male,2515.0,2365.0,104,310,24,5
41,male,1035.0,2400.0,220,206,24,2
86,male,5645.0,2200.0,181,389,35,2
41,male,1825.0,2370.0,213,222,41,3
49,male,1030.0,1895.0,66,180,105,1
53,male,4815.0,2345.0,30,291,110,5
52,male,3515.0,1975.0,184,324,20,5
19,male,3025.0,2720.0,220,345,38,1
80,female,1025.0,1960.0,34,402,20,2
49,male,3035.0,2350.0,220,334,21,3
43,male,3025.0,2480.0,85,458,20,6
38,male,3515.0,2185.0,46,263,101,3
85,female,4815.0,2065.0,52,317,71,3
86,female,5645.0,1445.0,79,292,20,3
37,male,3515.0,2465.0,159,364,60,1
28,female,5620.0,1980.0,46,308,50,2
71,female,3515.0,1935.0,163,334,20,7
79,male,3540.0,2180.0,48,411,43,3
54,female,9735.0,1920.0,30,194,146,2
64,female,6210.0,2350.0,169,318,20,8
86,male,5620.0,1935.0,50,358,25,2
75,female,1030.0,1385.0,30,203,42,3
43,female,2015.0,1710.0,110,167,89,0
63,male,6535.0,2125.0,86,323,20,2
61,female,1030.0,2235.0,72,361,36,2
49,male,6515.0,2530.0,220,388,34,3
50,female,1045.0,1965.0,87,348,20,4
44,female,3025.0,1915.0,47,275,59,7
84,male,5010.0,1790.0,153,246,20,5
22,female,3515.0,2045.0,83,281,81,0
36,male,3025.0,2375.0,220,334,22,6
25,female,2015.0,2215.0,92,423,20,6
67,female,3535.0,1910.0,96,216,65,2
64,male,4820.0,2080.0,30,372,58,3
25,male,4815.0,2150.0,220,260,32,4
74,female,5645.0,1785.0,57,388,20,3
84,female,8910.0,1765.0,150,237,20,2
33,male,6225.0,1695.0,30,284,36,0
41,female,3025.0,1785.0,108,332,20,4
41,female,9710.0,2225.0,40,338,81,0
83,female,5630.0,2250.0,55,464,37,4
57,male,8910.0,2265.0,39,422,48,5
60,male,5635.0,2200.0,140,398,20,2
86,male,9710.0,2065.0,136,244,69,3
39,male,2015.0,1955.0,184,273,28,3
42,male,5615.0,2285.0,154,326,49,5
32,female,9735.0,2450.0,176,222,92,2
30,male,3515.0,2595.0,220,277,78,3
35,female,3515.0,2050.0,197,275,20,6
53,female,5630.0,2270.0,64,409,47,8
47,female,4825.0,2145.0,181,280,20,3
56,other,4815.0,2185.0,220,242,20,6
26,male,1825.0,2000.0,96,253,66,4
65,female,1825.0,2055.0,177,218,39,3
75,male,6225.0,1925.0,58,351,20,4
55,female,3025.0,1645.0,146,222,20,7
55,male,1030.0,1645.0,30,191,70,2
80,female,6215.0,2025.0,78,349,25,6
23,female,6225.0,1790.0,44,348,22,3
87,male,1030.0,2060.0,129,233,104,1
44,female,5610.0,1945.0,165,256,42,1
53,male,5635.0,2405.0,54,395,29,7
33,female,1825.0,2155.0,30,324,78,2
82,female,8910.0,1940.0,57,287,66,4
18,female,9710.0,2060.0,152,299,71,2
30,female,3025.0,2300.0,220,287,22,2
74,male,1025.0,2165.0,70,372,51,4
65,female,3515.0,1655.0,30,379,41,1
85,female,5645.0,2065.0,100,397,21,7
34,female,1825.0,2285.0,30,388,56,4
20,male,3025.0,2220.0,68,480,20,3
54,female,1815.0,2030.0,41,373,41,4
68,female,1035.0,2030.0,31,441,20,7
53,male,6515.0,2135.0,116,345,20,5
39,male,6220.0,2445.0,65,558,28,1
73,female,4810.0,2105.0,137,311,20,3
54,male,4815.0,2380.0,118,236,111,1
77,male,5620.0,1750.0,61,291,43,1
79,male,5620.0,2270.0,220,291,20,8
88,male,8925.0,2010.0,88,242,81,6
59,female,2015.0,2150.0,178,203,76,2
87,male,1035.0,2090.0,74,161,151,6
40,female,5645.0,1470.0,102,263,40,0
30,male,8925.0,2720.0,220,375,33,4
45,male,3025.0,1845.0,101,344,20,2
71,female,1825.0,1875.0,65,392,20,5
74,female,5615.0,2380.0,81,339,63,6
69,male,4825.0,2410.0,220,209,36,2
68,male,5010.0,1905.0,41,255,78,3
62,male,9735.0,2515.0,120,365,108,2
57,female,4820.0,1380.0,99,145,36,2
28,male,5020.0,1910.0,190,294,20,2
56,female,5645.0,2005.0,133,306,28,2
82,female,1825.0,1770.0,69,94,103,6
61,male,1030.0,2325.0,143,251,96,1
42,female,5035.0,1945.0,88,242,66,6
47,female,3530.0,2115.0,65,428,20,5
88,female,1030.0,1805.0,60,218,59,6
71,female,5620.0,1525.0,65,203,33,1
75,female,5635.0,1880.0,122,296,46,4
50,male,3540.0,1860.0,80,343,21,2
20,male,2545.0,2490.0,110,188,130,2
49,female,4815.0,1740.0,186,144,48,4
75,male,1025.0,2460.0,30,521,20,9
20,male,2545.0,2285.0,75,371,53,4
68,female,5035.0,1500.0,102,133,36,3
44,female,3025.0,1940.0,70,372,21,3
41,male,3515.0,2210.0,117,398,21,2
46,female,5615.0,2010.0,30,427,22,4
62,male,4815.0,1935.0,45,294,54,4
49,female,3515.0,1885.0,84,229,79,5
67,male,1825.0,2165.0,156,231,49,3
74,female,5015.0,2350.0,110,464,20,4
78,female,1035.0,1930.0,108,257,69,7
76,male,3035.0,2480.0,61,342,110,7
30,male,2015.0,2515.0,113,293,98,4
70,male,5635.0,1725.0,88,215,54,3
62,male,2015.0,2100.0,220,126,56,5
18,female,1025.0,2455.0,207,279,57,4
68,female,9730.0,1660.0,131,215,21,6
25,male,8910.0,1830.0,130,302,32,1
42,male,1035.0,2305.0,220,243,20,3
38,male,3515.0,2595.0,175,370,34,2
82,female,1825.0,1800.0,214,136,65,4
22,male,9730.0,1830.0,220,80,44,1
29,female,8920.0,2150.0,57,173,145,6
70,male,1035.0,1725.0,98,224,20,0
22,male,6225.0,1685.0,133,166,54,1
41,male,5635.0,2680.0,220,138,20,1
88,male,4815.0,1550.0,30,328,52,4
52,female,5010.0,2065.0,102,336,43,1
62,male,5015.0,2315.0,103,435,20,4
80,male,3515.0,2030.0,155,288,35,3
44,female,3515.0,2335.0,81,345,80,0
25,male,1035.0,1970.0,30,441,20,5
32,female,9735.0,2390.0,127,127,180,0
21,female,5035.0,1965.0,97,295,37,3
42,male,3510.0,2470.0,45,431,80,0
70,female,1035.0,1955.0,173,234,42,1
50,male,4810.0,2420.0,144,349,42,1
35,male,5035.0,1940.0,210,102,105,3
18,female,9710.0,2060.0,30,385,68,4
44,male,1030.0,2200.0,30,347,73,3
58,male,5010.0,2210.0,36,334,92,2
40,male,3025.0,2285.0,220,197,20,4
66,female,9730.0,2410.0,116,379,60,7
66,female,6215.0,2125.0,149,402,20,2
44,female,1825.0,1915.0,122,306,21,5
55,male,5015.0,2615.0,220,270,20,4
71,female,1825.0,1350.0,41,301,20,1
28,male,5630.0,2290.0,191,272,65,2
71,female,5630.0,1675.0,98,256,25,5
77,male,9735.0,2150.0,162,256,67,3
79,female,4825.0,1930.0,110,257,49,4
77,female,1825.0,1875.0,77,392,20,6
50,female,3540.0,1930.0,143,204,29,4
53,female,1045.0,1795.0,88,384,20,5
51,female,3515.0,2310.0,140,187,76,3
41,male,9730.0,2685.0,220,216,20,4
48,male,4815.0,2070.0,55,143,151,2
55,male,3535.0,2160.0,109,187,95,5
62,female,5020.0,2020.0,157,257,74,7
35,female,1825.0,1775.0,194,219,27,1
28,female,9735.0,2015.0,201,100,47,3
70,female,4820.0,1425.0,82,203,21,4
87,female,5635.0,1950.0,30,278,59,5
55,female,5010.0,2175.0,92,408,20,3
26,other,1035.0,1910.0,77,242,89,2
50,female,6210.0,2235.0,131,316,60,2
32,female,1825.0,2350.0,85,375,28,4
80,female,1035.0,2295.0,41,299,100,4
84,female,6225.0,1400.0,43,241,53,6
19,male,5025.0,2300.0,131,426,36,4
46,female,1045.0,2010.0,30,342,22,3
51,male,3540.0,2230.0,195,231,78,2
29,female,3540.0,1895.0,101,113,70,2
30,male,4810.0,2470.0,63,505,54,6
28,male,5635.0,2400.0,193,379,20,3
42,male,4825.0,2450.0,192,407,26,3
47,female,5630.0,1645.0,135,211,64,3
31,male,9730.0,2365.0,220,286,20,0
80,male,4810.0,2120.0,140,290,20,3
84,female,3535.0,1835.0,126,190,30,6
36,female,3540.0,2080.0,190,164,46,1
86,female,5635.0,2025.0,220,116,87,6
36,female,5035.0,2210.0,56,172,145,2
40,female,5630.0,2050.0,30,409,26,4
61,male,5035.0,2220.0,104,356,66,0
61,male,3535.0,2335.0,220,207,28,6
50,male,5035.0,2790.0,56,428,54,3
25,male,5045.0,2740.0,194,406,33,1
21,male,5645.0,2255.0,173,285,73,1
87,female,3035.0,2195.0,178,277,52,3
72,male,1030.0,1925.0,103,120,87,3
49,female,5630.0,1980.0,57,272,59,2
55,male,1825.0,2210.0,31,406,22,1
40,female,3025.0,1950.0,203,192,20,3
75,female,8925.0,2215.0,123,359,53,5
52,male,8910.0,2085.0,118,353,26,4
36,female,3530.0,2625.0,219,391,20,4
87,male,9730.0,2245.0,30,443,29,1
61,female,3035.0,2280.0,129,354,49,4
40,male,1045.0,2035.0,82,348,20,4
46,female,5635.0,1990.0,72,287,59,3
47,male,3035.0,2610.0,175,396,44,2
47,female,2515.0,2115.0,177,303,20,3
28,male,5025.0,2325.0,83,471,20,6
82,female,3515.0,1545.0,30,262,20,4
37,female,6210.0,2620.0,220,334,20,4
39,male,3540.0,2430.0,150,464,20,2
22,male,2515.0,2200.0,119,395,23,2
79,male,3540.0,2230.0,79,272,80,4
52,male,3515.0,2185.0,69,403,28,4
87,male,9730.0,2385.0,72,247,167,4
89,female,4815.0,1795.0,62,256,46,1
59,male,2515.0,2510.0,220,181,20,4
76,male,2015.0,2040.0,57,203,107,5
72,male,6220.0,2250.0,43,359,103,4
18,female,3510.0,2235.0,30,342,70,1
39,female,6535.0,1620.0,53,312,20,4
66,female,3535.0,1980.0,86,211,108,4
76,female,6215.0,2025.0,86,380,33,6
43,male,5020.0,2750.0,148,517,20,2
18,male,1030.0,2185.0,57,172,151,4
29,male,1825.0,2330.0,53,508,20,5
30,female,8920.0,2520.0,73,242,145,3
69,male,3025.0,2040.0,33,318,84,7
46,male,6220.0,2415.0,110,336,67,5
70,male,3530.0,2070.0,149,225,35,6
26,male,3025.0,2200.0,143,333,20,2
82,female,6210.0,1875.0,162,280,30,6
37,female,6210.0,2445.0,82,435,40,1
47,male,5025.0,1670.0,44,363,36,6
45,male,3515.0,2225.0,197,358,20,4
59,female,6210.0,2045.0,123,120,93,3
29,female,9730.0,2025.0,76,304,75,6
88,female,1825.0,2175.0,148,323,38,3
87,female,3025.0,1735.0,37,356,58,1
25,male,3025.0,2405.0,113,237,128,2
30,male,6210.0,2400.0,72,382,64,2
25,male,5045.0,2420.0,220,262,53,4
30,female,8920.0,2525.0,58,263,127,3
89,female,3510.0,2085.0,42,325,84,2
88,male,3025.0,1955.0,94,325,37,3
47,male,3515.0,1860.0,220,102,61,1
71,female,9710.0,2160.0,55,344,20,4
18,female,9730.0,1915.0,44,347,20,3
83,male,1025.0,2405.0,125,435,29,5
41,male,1035.0,2655.0,220,282,20,2
25,female,2545.0,2215.0,35,342,86,3
39,other,3515.0,2145.0,195,325,20,4
42,female,3535.0,1755.0,174,212,20,7
71,female,1030.0,1825.0,78,263,46,6
61,male,8925.0,2775.0,212,327,50,4
32,male,9730.0,2075.0,61,413,29,0
86,male,9735.0,2070.0,64,155,117,4
38,male,5035.0,2080.0,62,224,126,1
37,male,9735.0,2035.0,179,152,69,0
19,male,5010.0,2660.0,38,430,68,3
50,male,5035.0,2150.0,59,207,126,1
64,female,3515.0,2280.0,149,261,73,6
23,male,5645.0,2335.0,220,259,20,5
72,male,9710.0,2010.0,81,263,32,3
65,female,1825.0,2065.0,177,209,39,6
