"age","gender","zip_code","daily_kcal","protein_g","carbs_g","fat_g","fruit_portions"
30,"female","6216",1875,101,220,78,1
63,"male","1825",2086,109,202,78,3
38,"female","3511",2224,69,168,151,3
88,"female","5022",2290,133,381,25,4
75,"female","4816",2092,116,304,47,3
59,"female","3024",2100,114,395,28,5
70,"male","3026",1945,136,315,20,5
81,"male","6535",1657,52,304,27,4
21,"female","5022",2172,151,378,20,4
40,"male","2545",2418,63,143,152,4
30,"male","9712",2343,168,213,109,2
89,"female","5025",1717,40,319,22,4
38,"female","9721",2399,122,80,146,0
87,"female","3534",1868,168,221,30,5
55,"female","9731",1564,146,146,26,10
61,"male","9712",2013,30,236,103,0
74,"female","5014",1992,200,221,20,5
56,"other","9712",2163,152,223,82,2
18,"male","5022",2237,57,272,78,1
38,"male","5616",2541,42,412,76,4
47,"male","2014",1999,57,324,78,4
38,"male","5646",2080,154,288,46,2
42,"female","5033",2153,119,259,48,2
75,"female","4816",2134,47,502,20,1
74,"female","1825",1889,163,204,32,6
66,"female","9728",2237,130,358,67,5
24,"female","5622",2519,111,404,25,8
78,"other","1023",2261,32,468,20,5
54,"female","3548",2384,63,419,24,3
74,"male","5622",2061,177,332,20,3
75,"male","1033",2042,181,236,56,8
34,"male","3516",2066,46,317,58,2
70,"male","4825",2613,220,255,20,0
41,"female","8927",2521,160,396,36,4
20,"female","4811",2542,148,329,37,3
76,"female","6216",1515,30,157,77,5
31,"female","8912",2023,201,278,21,2
87,"female","5634",1949,30,253,73,7
86,"male","1825",2446,30,325,107,4
60,"female","4825",1479,45,273,52,1
30,"male","8912",2365,199,264,76,1
52,"female","1046",1966,88,215,82,3
50,"male","6514",2108,99,408,20,1
50,"other","5022",2194,135,337,20,9
26,"female","5622",2412,136,392,20,5
79,"male","3023",2150,50,319,84,3
83,"female","3023",2552,123,233,151,2
51,"male","3023",2511,30,296,125,7
54,"male","1028",2657,220,235,20,1
33,"male","4822",1683,144,92,54,1
18,"male","4817",2366,30,362,68,0
64,"female","5025",1200,79,244,33,1
80,"female","2014",1356,69,100,95,3
41,"male","3035",2494,191,332,49,3
71,"female","1031",1865,98,304,20,7
71,"female","6216",1743,37,253,85,1
24,"female","9728",2439,129,427,60,2
68,"female","4816",1961,183,180,66,5
70,"male","1823",1863,65,351,33,5
18,"female","9711",2058,85,323,55,2
78,"female","9712",1886,90,94,92,3
79,"other","5012",2551,220,284,56,3
50,"other","4822",2035,55,136,116,2
45,"male","1035",2229,84,385,48,3
84,"female","5646",1776,191,154,45,0
48,"male","6211",2451,51,442,84,3
34,"male","4822",1695,144,132,93,1
35,"female","1023",1922,171,172,42,4
44,"male","2014",2212,123,423,20,3
25,"female","2545",2162,97,195,81,1
85,"female","3516",1475,30,323,52,1
25,"female","1023",2297,220,242,22,1
39,"male","6224",1683,110,166,64,4
24,"male","8921",2336,75,303,64,1
66,"male","5622",2543,120,366,20,5
76,"male","4811",2037,131,337,23,3
39,"male","9721",2474,30,230,180,1
38,"male","6224",2179,160,291,70,1
82,"female","1046",1692,137,222,53,5
41,"female","5025",1683,154,243,20,2
75,"female","4817",2215,104,219,95,1
18,"female","4816",1616,172,95,52,3
50,"male","1825",1999,118,260,69,3
51,"female","2545",2122,65,204,125,1
89,"male","8927",2042,88,279,36,7
34,"male","3516",2066,82,216,98,2
79,"male","5033",2381,220,323,41,3
44,"female","3514",2232,151,161,111,4
38,"male","5632",2417,206,367,49,6
23,"male","5622",2582,154,438,20,5
26,"male","1813",2272,83,318,41,3
79,"female","1036",1467,35,229,23,6
78,"female","2014",2172,149,370,20,3
77,"male","5622",2170,154,395,20,8
62,"male","6514",2242,195,270,30,2
85,"male","5646",2362,142,424,25,7
58,"female","5612",2120,35,320,78,2
81,"male","5646",2291,142,393,20,3
25,"male","5621",2311,30,341,93,1
82,"female","3511",2036,30,407,40,3
22,"female","9728",2270,162,245,58,4
28,"female","5025",1548,30,363,20,2
47,"female","9721",2093,62,339,93,1
56,"female","3542",1928,143,204,41,3
59,"male","9731",1783,83,167,88,4
57,"female","9731",1785,154,168,26,2
57,"male","4816",1898,76,315,28,3
53,"male","1825",2149,188,222,49,4
27,"female","3023",2245,124,222,112,3
51,"female","3511",2223,95,372,66,0
59,"male","9728",2355,78,192,121,5
58,"male","5012",1829,95,240,52,1
35,"male","6211",2518,51,416,91,4
33,"female","6224",2338,95,471,20,1
55,"male","2545",2184,109,342,81,6
41,"male","1033",2493,155,485,20,2
84,"female","3534",1661,51,169,93,3
49,"male","9712",2468,88,198,133,2
38,"female","5033",2315,47,322,96,2
19,"other","3534",1949,30,401,40,2
42,"female","5612",2260,78,426,20,3
54,"female","3514",2216,139,217,102,3
48,"female","6221",2451,132,436,36,3
65,"female","8921",1925,158,211,30,6
53,"female","1813",1985,90,261,69,6
47,"male","5622",2555,205,414,22,4
58,"female","1033",2158,34,421,33,2
88,"male","4811",2252,122,297,29,3
86,"female","1035",1881,44,215,98,8
61,"female","3035",2052,63,401,49,4
75,"female","4817",2113,30,453,35,6
63,"female","5033",1788,77,133,98,2
68,"female","5022",2061,178,276,20,2
50,"male","1825",2325,220,311,20,5
39,"male","5022",2752,86,415,63,2
53,"female","5612",1636,220,80,69,4
64,"male","1825",1952,34,221,107,2
57,"female","4822",1542,76,100,85,0
83,"male","3511",2400,172,301,86,4
48,"male","4817",2271,220,161,77,3
73,"male","5646",2013,139,220,44,5
79,"female","6216",1597,89,305,23,3
47,"male","3516",2159,55,331,82,2
33,"female","5632",1866,54,220,98,3
44,"male","3542",2636,167,358,49,4
47,"female","2545",2340,116,143,142,5
39,"male","1823",2312,46,507,20,5
50,"male","5033",2211,56,172,161,2
19,"male","5045",2115,124,288,22,7
24,"other","9712",2171,220,287,47,3
68,"male","4811",2125,31,474,20,2
85,"female","2014",1426,78,122,123,5
71,"other","3515",1830,97,303,20,3
79,"female","1036",1577,98,163,62,8
53,"female","5632",2137,129,421,20,3
24,"male","5621",1974,97,135,92,3
84,"female","3534",1989,50,356,44,2
37,"male","2517",2242,114,427,20,2
29,"female","1023",2015,72,422,21,2
76,"male","4811",2152,31,380,59,7
58,"male","3514",2626,213,379,20,2
63,"male","1035",2413,159,319,75,6
42,"male","3041",1857,129,306,33,2
70,"male","3531",2628,59,600,20,9
44,"female","4817",1632,74,262,29,1
27,"male","9711",2535,38,263,132,1
51,"male","3531",1883,109,325,32,7
53,"female","8927",2066,71,255,97,8
64,"female","3026",1787,30,427,20,6
80,"male","4817",1940,88,280,45,4
57,"male","1036",2529,123,393,85,3
66,"male","3514",2569,98,330,92,2
40,"male","4825",2575,220,255,82,2
65,"male","1035",2330,143,336,48,4
63,"male","1023",2103,114,342,20,6
47,"male","5612",2322,172,349,29,5
87,"female","1031",2297,202,116,120,2
50,"male","3041",2148,177,277,20,6
48,"male","6211",2512,63,410,90,4
26,"female","3511",1257,56,236,43,2
80,"male","4811",2060,147,179,84,2
38,"female","5045",2222,208,268,61,7
35,"female","1813",2443,153,364,31,2
71,"female","2517",2045,192,222,35,2
78,"female","1031",2300,65,251,111,4
56,"male","3041",1829,85,281,33,0
84,"male","5014",2221,42,468,20,3
54,"female","6211",1795,52,347,48,6
35,"female","1023",1866,106,392,20,6
52,"other","5616",2165,120,381,34,7
87,"female","4825",1531,30,266,63,7
49,"female","3534",1937,105,306,42,1
19,"female","5025",1902,30,402,20,3
62,"other","9712",1743,166,215,20,7
60,"female","1033",2102,88,393,40,2
19,"male","1813",2623,89,365,37,2
24,"male","6224",2179,87,406,34,1
33,"female","5045",2557,139,364,75,2
32,"female","5012",2414,30,309,102,4
42,"male","6211",2348,107,395,44,2
30,"male","3548",2299,115,411,20,4
41,"female","5033",2212,56,172,141,2
26,"female","1036",2028,114,306,64,4
58,"male","1033",2246,85,239,104,2
60,"female","3515",1947,41,179,122,5
52,"other","4822",2035,88,104,110,5
71,"female","2545",2789,220,139,119,1
32,"female","5622",2428,30,550,20,8
42,"male","5646",2790,175,439,23,3
26,"male","6211",2518,149,442,45,2
53,"male","4817",2480,30,98,176,1
31,"male","4825",2353,124,268,103,3
36,"male","1036",2036,39,309,52,3
29,"male","6535",2115,220,161,44,7
87,"male","6211",2159,162,324,53,4
74,"female","2517",1505,69,256,20,8
27,"male","1046",2559,212,353,34,2
75,"female","4816",2134,39,332,77,2
79,"female","6211",1630,30,180,95,5
62,"male","5632",2268,109,324,101,1
44,"male","1031",2198,30,378,71,1
19,"male","2014",2496,113,309,98,2
80,"other","8912",1551,75,203,59,1
30,"female","3035",2563,207,257,113,2
27,"male","5616",2263,206,283,52,2
59,"male","5644",2000,128,213,61,1
29,"male","1825",2049,85,410,20,3
57,"male","9712",2067,30,165,116,2
69,"male","8912",2133,105,310,63,2
21,"male","3041",2320,220,118,62,3
23,"male","1813",1925,108,298,28,3
87,"female","6211",1627,31,335,41,7
53,"female","5621",1440,76,246,20,2
68,"female","3516",1797,182,102,20,3
40,"male","3023",2413,69,236,142,1
61,"female","5014",1839,38,414,23,4
68,"female","3531",2069,74,345,39,3
79,"male","4817",2385,118,207,127,9
32,"male","1035",2391,60,388,48,3
56,"male","1046",2306,120,232,106,6
51,"male","3024",2305,142,431,20,1
63,"female","5616",1645,214,192,20,4
22,"female","4825",2439,30,491,20,1
37,"female","5022",2197,119,330,39,1
60,"male","9731",1907,94,260,91,4
72,"male","1036",2403,55,289,129,4
18,"male","2517",2447,100,451,75,8
38,"female","3511",2232,186,266,32,3
27,"female","1035",2330,84,250,116,3
24,"male","6216",2539,220,305,20,5
72,"male","5612",2628,220,406,29,3
46,"female","1046",2012,30,369,22,1
84,"female","5634",2024,124,296,46,5
24,"female","8921",2150,57,261,112,3
42,"male","5616",2402,41,480,78,3
70,"female","1823",1349,82,297,20,4
53,"male","8921",2078,30,152,151,1
44,"female","3035",2483,81,435,87,3
19,"female","3041",1956,82,325,31,2
50,"female","3542",1931,143,247,29,5
38,"female","3024",2220,151,362,20,3
57,"female","3035",1911,30,343,27,5
35,"female","5025",1654,30,257,67,1
39,"male","4825",2353,139,411,27,2
31,"female","4816",2302,220,253,37,4
74,"male","1046",2173,113,412,20,4
87,"male","3516",1524,149,231,20,2
46,"male","5646",2081,30,445,23,3
62,"female","1031",1823,207,195,44,1
35,"male","8927",2487,44,459,25,3
43,"male","3511",2291,30,305,81,1
75,"female","9728",2105,45,424,20,3
27,"male","5014",2512,191,410,20,3
74,"female","1823",1935,131,298,21,4
69,"male","4811",2067,147,162,84,1
44,"female","5612",2402,110,218,143,5
71,"female","9712",2391,43,343,53,2
44,"female","3026",1915,70,187,86,2
47,"female","3531",2180,66,418,33,4
24,"male","4817",2315,30,369,53,1
57,"male","5014",2386,220,302,20,8
59,"male","5632",2296,149,324,42,2
85,"female","2014",1540,30,184,39,4
75,"female","5634",1881,70,264,95,7
63,"female","5033",1788,173,236,20,4
42,"female","5033",1646,35,270,52,4
88,"male","1825",2215,220,216,29,5
53,"female","1813",1944,220,200,20,1
55,"male","2545",2257,126,273,64,2
27,"female","9711",2794,103,486,67,2
67,"female","5622",2033,155,359,20,4
70,"female","1035",2069,147,221,57,6
25,"male","3023",2665,30,296,127,1
42,"female","3534",1709,59,134,63,7
31,"female","3548",2084,193,234,23,3
69,"male","6221",2793,115,420,39,5
40,"female","1823",1683,103,367,20,7
29,"female","8921",2351,67,379,53,4
76,"male","4822",2272,143,281,57,2
79,"other","5012",2029,187,228,58,2
24,"female","1035",2111,152,323,44,5
45,"female","3023",1933,99,182,68,2
55,"male","5045",2343,196,263,88,4
54,"male","9731",1964,87,260,90,4
55,"male","5632",2159,148,324,20,1
77,"female","4811",1815,30,367,41,3
55,"male","9728",2796,220,216,20,3
54,"female","3548",2384,71,359,41,4
27,"female","6535",1715,83,264,48,2
56,"female","1813",2286,63,366,60,2
88,"female","1031",2137,124,278,48,1
27,"female","1035",2436,71,269,149,4
18,"other","3534",2189,59,303,92,4
89,"other","3035",1906,58,257,89,6
87,"male","9728",1892,163,210,34,5
81,"male","6514",1935,87,363,39,4
67,"male","3035",2451,30,572,45,3
49,"male","9735",2315,197,124,123,2
55,"male","3026",1907,150,236,23,4
25,"female","2014",2214,113,406,20,7
59,"female","6211",2178,220,213,36,7
32,"female","1035",2412,71,344,79,3
43,"male","3026",2374,120,414,28,3
79,"male","3542",2321,121,418,25,2
53,"male","9728",2179,30,456,20,3
57,"male","4817",2378,30,323,81,1
88,"male","4825",2229,36,332,100,7
65,"female","5634",1923,119,263,66,5
53,"male","8912",1836,159,292,21,0
54,"male","8921",2555,154,454,67,2
25,"male","2517",2225,206,309,20,6
41,"male","6514",2208,184,389,20,1
19,"male","8912",2237,98,414,25,2
76,"female","6211",2215,105,342,39,4
36,"male","5634",2153,220,80,45,4
76,"other","1023",1660,37,336,25,2
43,"male","1023",1883,40,401,20,0
75,"female","8927",2668,137,365,64,4
89,"other","6216",1897,78,282,28,2
64,"female","3531",2052,86,312,49,4
42,"female","1046",1923,97,215,85,5
72,"female","4822",1288,30,270,43,5
30,"female","3542",1903,175,235,37,2
28,"female","3534",2118,30,428,45,8
32,"female","9721",2142,67,241,103,2
87,"male","9728",2247,57,462,29,2
52,"male","6221",2373,132,379,20,5
81,"female","5022",2059,177,288,20,0
69,"female","6216",1412,43,195,46,4
67,"male","3026",1736,129,242,31,3
72,"female","9721",1961,98,191,59,1
88,"male","1028",1718,80,206,52,5
26,"female","5622",2465,61,390,76,2
22,"female","6514",1701,220,181,20,4
28,"female","3514",2436,123,459,20,0
81,"male","5646",2406,220,263,69,6
40,"male","8912",2153,73,347,26,2
18,"male","9735",2619,53,214,176,2
88,"female","1028",1983,136,176,53,1
86,"male","9735",2207,30,440,44,1
47,"male","2014",2268,115,318,52,2
32,"female","2014",2108,152,408,20,4
44,"female","1825",2349,50,421,60,3
87,"female","4825",1806,159,185,36,5
72,"female","5632",2151,149,309,27,4
79,"female","4822",2116,34,453,44,1
36,"female","1825",1822,209,183,28,1
36,"male","4816",2497,154,416,20,2
74,"male","2545",2628,142,405,81,2
70,"female","5014",1750,134,241,23,8
23,"male","9711",2286,220,169,40,0
49,"male","6514",2256,57,395,56,1
87,"male","9728",2346,72,236,116,1
49,"male","6514",2252,141,437,20,1
77,"female","9721",1581,147,127,55,3
86,"male","5634",2016,47,263,99,4
38,"male","8927",2487,220,290,28,2
26,"female","1036",1910,37,286,70,1
71,"female","3514",2235,96,332,71,4
60,"male","1046",1891,152,280,20,1
33,"female","1046",2108,152,223,29,3
26,"male","9721",2004,87,264,40,5
62,"female","6211",2178,105,442,24,3
68,"female","5621",1716,30,209,66,0
72,"female","9711",2203,119,335,43,7
63,"male","2545",2090,137,344,35,4
41,"male","9728",2686,125,342,90,4
60,"female","6535",1812,220,136,65,2
71,"female","4817",1784,149,209,20,4
70,"male","1813",2432,220,196,20,8
62,"female","2545",2517,162,249,84,2
45,"male","6535",1822,45,310,30,1
50,"female","1813",1958,173,271,20,0
34,"male","5025",1939,76,359,39,6
43,"male","9735",2234,144,254,57,1
34,"male","5014",2514,186,424,20,4
48,"female","5612",1646,220,121,69,1
59,"male","3515",1829,66,207,69,5
73,"male","3531",2646,30,600,20,5
49,"female","3516",2044,55,383,43,2
55,"male","2517",2234,220,310,20,4
79,"female","3511",1886,220,202,20,2
64,"male","6211",2256,33,333,87,8
46,"male","6211",2571,107,421,40,3
41,"male","6216",2284,44,203,140,0
44,"female","9728",2483,33,585,20,2
75,"female","9721",2382,30,462,45,1
63,"male","2545",2337,141,113,132,2
74,"female","2517",1911,109,306,20,3
70,"male","4825",2319,76,371,56,4
62,"male","1033",2095,117,393,34,4
42,"male","5646",2151,30,393,38,4
52,"female","3531",2106,94,115,93,3
33,"male","9728",2533,220,290,60,7
72,"male","5621",2115,30,465,23,5
33,"female","9721",1770,117,262,68,2
74,"male","2545",2645,139,273,95,0
64,"male","5622",2617,120,470,20,6
50,"male","3515",2178,181,303,20,3
33,"female","6224",2338,70,488,20,0
18,"male","2517",2630,220,406,20,3
36,"female","9728",2258,210,309,20,1
70,"female","1023",2102,30,310,84,5
74,"female","5646",2072,100,397,20,4
29,"female","3542",1965,155,255,46,2
42,"male","6224",1838,30,278,36,1
24,"female","5012",2042,56,199,111,5
46,"male","2014",2212,107,354,23,2
80,"female","8921",2169,51,291,98,3
87,"male","5632",2615,39,177,136,2
42,"male","8912",2309,62,259,91,2
56,"male","8921",2417,154,226,115,3
54,"female","6211",2208,61,264,107,4
55,"male","3534",2159,61,311,82,1
62,"female","3531",2176,47,352,55,4
82,"female","6211",1786,61,277,20,6
62,"female","6211",2300,132,285,46,3
87,"female","1825",1613,44,363,20,3
52,"male","5634",2223,99,395,29,5
56,"female","8921",2525,169,347,70,1
49,"other","3026",1668,176,218,32,4
19,"male","4816",2683,220,428,20,5
57,"female","6535",1435,58,270,20,2
53,"female","5033",2225,56,242,107,0
53,"other","4822",2132,101,331,68,0
41,"male","5646",2400,220,241,43,3
35,"male","3026",2304,195,309,20,5
66,"male","6514",1639,53,204,37,2
38,"female","3516",1629,129,256,29,2
79,"female","5014",2096,195,358,20,3
82,"other","2545",2371,177,228,96,2
77,"male","1046",2150,34,382,37,5
44,"male","1031",2394,56,172,176,1
44,"male","4825",2512,80,502,30,3
73,"female","1036",1515,57,145,69,3
33,"female","5045",2593,165,539,20,5
58,"male","3516",1971,87,146,103,2
20,"female","5045",2436,165,375,25,1
74,"male","5612",2646,164,474,20,3
46,"female","4822",1769,144,104,88,1
86,"female","5014",1592,185,276,20,3
63,"male","5045",2218,30,452,20,2
35,"male","1813",2237,151,322,20,7
77,"female","1823",1404,82,297,53,1
53,"male","9728",2179,76,318,95,3
70,"female","4822",1716,30,196,91,1
87,"male","1033",2551,90,506,20,6
39,"female","6535",1455,35,266,20,4
37,"male","9735",2143,57,222,110,2
78,"male","9728",2268,220,279,41,4
26,"female","1823",2438,220,372,20,4
46,"male","3548",2394,114,345,48,5
42,"male","3041",2177,151,242,83,1
75,"male","3026",1777,134,208,23,4
42,"female","4811",2311,81,426,20,1
46,"female","3511",2001,119,135,87,4
42,"female","8912",1657,46,363,20,5
24,"female","5022",2861,220,323,27,5
47,"male","5612",2771,39,575,20,3
71,"female","5632",2050,150,299,27,3
59,"male","3023",1891,30,372,83,2
82,"female","2545",2600,105,303,179,2
74,"female","2517",1505,30,211,53,6
53,"female","5644",1643,186,80,57,4
32,"male","3024",2132,84,373,20,1
74,"female","3531",1739,74,94,116,1
61,"other","1823",1976,196,221,20,3
72,"male","8927",2330,196,283,31,4
38,"male","5646",2418,80,473,20,2
54,"female","5033",2273,116,329,37,3
77,"other","5012",1962,56,155,121,0
19,"female","3511",2233,30,179,138,4
83,"male","3511",2437,123,256,106,1
75,"female","6224",2077,200,265,20,5
28,"male","5022",2786,86,571,20,8
25,"male","5622",2718,143,485,44,6
36,"male","8912",2178,220,82,55,1
30,"male","9712",2800,149,403,33,1
64,"female","1035",2424,220,348,26,6
73,"female","1036",2189,184,263,44,8
38,"male","3515",2369,147,454,24,2
38,"male","1031",2213,220,95,67,6
80,"female","3542",1597,32,379,20,6
42,"male","3511",2291,160,129,104,2
61,"male","6535",1963,136,257,20,1
60,"female","4816",1968,136,100,103,1
27,"male","5646",2535,213,216,55,2
77,"other","3531",1660,109,123,126,3
25,"male","6216",2109,188,346,20,1
80,"female","8927",2335,85,391,37,6
33,"male","3542",2428,30,478,29,3
25,"female","8912",2231,69,408,45,2
85,"female","6211",1877,162,304,30,6
48,"male","1046",1843,30,330,40,2
70,"male","3026",2189,99,410,20,5
28,"female","1028",2112,54,341,96,5
75,"female","3515",2016,139,343,20,2
63,"female","5616",2299,220,253,55,3
82,"female","8927",2296,220,264,20,10
57,"male","3542",2212,31,464,38,4
46,"female","5012",2207,30,309,93,5
72,"male","6221",1723,30,336,43,3
51,"female","3516",2349,30,289,93,5
42,"female","4811",2255,55,441,20,4
23,"female","8927",2168,66,374,26,4
39,"male","6221",2148,175,221,72,3
69,"male","8912",2133,188,247,39,2
69,"female","1825",1865,163,221,28,9
89,"male","4817",1548,30,310,52,2
72,"other","1813",2019,37,401,20,2
68,"male","9728",1971,104,304,67,4
41,"female","3026",1683,220,165,31,1
83,"female","5632",2249,130,361,49,1
61,"female","1036",2215,124,281,62,5
64,"male","1035",2515,159,333,64,6
69,"female","4816",2151,149,378,25,3
49,"female","5622",2133,144,321,25,5
48,"male","3024",2100,87,398,20,2
64,"female","4822",1823,169,128,89,1
46,"female","5012",1770,84,237,49,1
64,"male","4811",2038,136,179,68,5
84,"female","3534",1786,76,206,62,4
28,"other","5621",2165,139,278,53,2
85,"male","9712",1930,186,194,62,1
39,"male","6221",2443,220,288,52,4
42,"male","3514",1852,49,317,36,2
53,"female","8927",2008,81,242,93,6
54,"female","9735",2221,34,195,139,0
66,"male","3026",1534,148,222,31,8
89,"male","3515",1932,65,307,42,3
55,"female","1028",1906,30,401,43,0
32,"female","5622",2599,206,475,20,4
61,"male","3534",2568,90,365,86,1
72,"male","4825",2135,36,380,58,2
81,"female","6224",1640,166,133,43,6
41,"male","6216",2369,54,249,106,1
36,"female","2014",2154,71,358,20,3
35,"male","5616",2147,220,260,20,2
41,"other","8912",1651,37,257,94,1
56,"male","3035",2020,43,377,25,4
30,"male","1046",2530,94,364,90,0
21,"female","2014",2051,30,406,23,7
28,"female","5025",1880,38,416,20,3
79,"female","4822",1288,30,178,50,2
80,"male","4825",2297,220,280,41,2
82,"male","9711",2159,105,251,69,3
42,"male","9728",1852,76,366,27,3
39,"female","6535",1455,87,183,38,0
58,"female","3542",1764,170,237,20,6
58,"male","3534",2270,136,216,92,2
51,"male","6221",2548,220,323,29,5
80,"male","9735",2055,88,155,124,3
79,"female","4825",1822,49,294,69,6
86,"male","6211",2068,220,222,20,4
63,"male","3026",2147,43,347,54,6
82,"female","8912",1845,76,184,57,2
51,"female","3516",1883,188,90,85,6
73,"female","5632",1895,30,254,98,2
77,"female","3534",1915,30,383,71,2
78,"female","5022",1777,54,228,72,0
84,"female","4825",2068,195,218,39,4
35,"other","6514",2147,118,358,20,2
26,"female","5646",2269,136,285,75,2
29,"male","1028",1411,102,246,41,4
77,"female","3534",1839,164,225,30,4
54,"female","5033",1636,30,225,56,1
23,"other","5632",2322,220,157,32,2
58,"female","5612",1912,220,208,39,7
72,"male","2014",1946,41,203,100,3
88,"female","2517",1723,74,214,75,6
41,"male","9711",2281,100,303,97,6
66,"female","9728",2187,220,236,37,2
71,"female","5022",1887,190,216,20,3
30,"female","3024",2302,220,254,56,3
85,"female","3035",1890,56,356,27,4
57,"male","3026",1568,132,186,23,8
71,"female","6216",1643,128,204,29,1
87,"male","3515",2084,65,242,107,4
38,"other","6514",1713,115,195,52,3
53,"female","8921",2532,122,380,86,3
59,"male","1028",2657,200,343,31,2
30,"female","3035",2483,151,490,20,0
39,"female","6535",1536,188,261,21,2
54,"female","6211",1992,101,120,106,4
60,"male","1825",1985,220,202,20,1
23,"male","5646",2255,220,211,53,1
78,"female","5646",1750,119,241,55,6
57,"male","4817",2378,30,422,26,4
80,"male","9711",1991,220,131,67,2
62,"male","3511",2061,166,209,80,3
71,"female","5033",1921,97,249,68,0
69,"male","9728",2793,220,216,69,3
26,"female","1028",2112,88,225,128,1
31,"female","8912",2168,125,414,20,3
55,"male","5632",2296,127,223,79,1
26,"male","3035",2523,159,224,109,2
89,"male","2545",2524,172,439,49,6
43,"female","3041",1769,113,199,57,4
76,"male","3515",2178,91,443,21,7
37,"male","5621",1845,35,257,59,5
89,"male","8927",2042,90,255,49,6
19,"female","5014",2586,106,329,20,3
64,"female","3531",2424,36,428,76,4
47,"male","3515",2224,55,272,102,7
38,"male","5045",2704,220,420,58,2
34,"male","5025",2223,117,186,137,3
69,"male","8912",1802,159,236,20,4
47,"male","5025",1951,65,422,20,4
61,"female","1031",1859,174,217,53,6
47,"female","5634",2089,135,391,20,2
20,"male","1813",2260,123,362,37,3
27,"female","1035",2235,220,287,52,4
76,"male","1023",2196,160,291,35,5
86,"male","3548",1960,77,179,77,6
43,"male","3041",2218,55,318,80,3
41,"female","4822",2164,62,348,29,4
26,"female","3026",2191,44,382,27,3
36,"male","1036",1935,30,406,27,7
69,"female","8927",2592,118,317,123,10
87,"male","5634",2268,220,204,39,4
35,"female","5616",2627,210,406,20,3
23,"male","4825",1756,59,332,20,4
69,"male","4811",2135,147,378,20,4
56,"male","6535",1785,98,299,34,2
26,"male","5014",2512,220,270,20,6
30,"female","2014",2118,30,308,66,1
46,"male","1031",2401,30,334,92,1
27,"male","6224",1683,30,370,20,3
72,"female","6514",1642,48,105,68,3
19,"female","3041",2055,76,410,20,2
41,"male","6216",2046,188,280,28,1
85,"female","5646",1444,41,292,22,4
44,"female","1823",1791,96,215,36,8
21,"female","6224",1664,192,122,43,6
32,"female","9712",2227,58,342,93,1
38,"male","9735",2070,57,181,131,0
37,"male","1035",2503,104,410,47,3
44,"female","3514",2333,47,438,47,3
63,"male","5045",2195,114,387,23,3
72,"male","4825",2061,177,234,47,1
38,"female","3534",1973,30,356,83,3
57,"male","2545",2481,30,80,180,2
24,"male","5632",2512,152,380,20,3
23,"male","5646",2286,136,431,26,2
73,"male","1023",2386,210,217,55,5
86,"female","1035",1881,130,277,30,7
40,"male","4825",2060,220,142,20,6
60,"male","5634",2403,143,341,52,3
79,"female","6514",1466,35,202,36,5
56,"female","3548",1964,77,297,66,4
20,"female","6216",1792,161,236,20,6
76,"female","9711",1890,61,370,43,3
25,"male","5634",2464,220,82,134,5
49,"male","8921",3118,220,277,38,3
40,"male","1023",2231,91,449,21,6
39,"other","5634",2093,220,160,51,2
50,"male","6224",1997,35,260,107,5
68,"female","8912",1671,30,180,78,2
82,"male","1033",2180,125,352,39,4
85,"female","3035",2196,140,312,27,4
32,"female","5022",2197,220,253,29,6
45,"other","4822",1995,94,123,115,0
33,"male","6224",1683,65,208,69,1
30,"male","1823",1892,146,299,22,3
72,"female","9721",1757,220,80,55,3
42,"male","3041",2148,92,372,20,3
80,"female","8927",2296,210,309,20,7
35,"female","5616",1743,30,359,34,3
39,"male","8912",2153,30,470,28,2
40,"female","5644",1654,192,105,76,0
72,"male","5621",1917,47,203,91,2
84,"female","1823",1408,79,301,20,6
54,"male","3035",2020,78,384,40,5
54,"male","4822",1989,116,273,49,1
29,"female","2545",2352,58,289,93,3
38,"male","4816",2658,220,324,22,2
59,"female","9711",2279,30,512,26,0
56,"female","5616",1951,127,248,46,2
47,"female","5014",2451,30,458,20,3
64,"female","4822",1624,30,250,90,2
25,"male","8912",2260,220,82,62,3
54,"female","3531",2192,94,385,40,4
52,"female","2545",1982,105,270,51,5
35,"female","1813",2230,139,347,20,5
57,"male","1033",2390,220,235,20,2
73,"female","3035",2203,35,336,58,2
63,"male","1023",2235,171,258,87,5
24,"male","6221",2489,55,444,25,2
69,"female","4816",1928,82,315,49,3
79,"male","3023",2166,148,260,54,4
57,"male","1028",1989,30,252,100,4
43,"female","5632",2402,120,306,64,3
66,"female","9728",1903,122,258,54,3
74,"female","1046",1951,47,317,50,1
18,"female","3024",2542,151,383,20,1
56,"female","1813",1919,140,196,64,4
43,"male","3515",2252,88,440,20,1
31,"female","1035",2412,186,212,63,1
62,"female","6216",1790,220,179,20,5
22,"male","3514",2453,213,323,39,1
30,"female","3515",2250,214,309,20,2
31,"male","1046",2152,87,321,67,4
24,"male","3542",2427,107,414,20,0
42,"male","3041",1999,201,265,35,4
87,"other","3511",1818,45,300,39,3
61,"other","1033",2158,117,361,24,4
85,"female","4822",1610,137,95,76,1
63,"male","5045",2218,132,304,38,4
42,"male","3514",2179,90,192,110,2
84,"female","8912",1859,37,386,20,5
42,"female","9735",2005,201,195,38,3
23,"male","2545",2488,199,116,120,1
81,"female","1825",1200,30,149,72,5
61,"female","2517",2120,204,364,20,2
49,"female","3534",1937,105,260,46,5
21,"male","3041",2355,117,395,52,6
62,"male","2014",2048,85,334,40,4
75,"female","4817",2072,32,274,83,4
69,"female","1825",1743,69,246,67,1
56,"female","3511",2281,30,303,84,1
87,"female","1028",1789,30,314,56,1
24,"male","9721",2255,148,226,77,4
64,"male","1825",2233,158,256,68,2
22,"female","4817",2564,198,343,56,3
64,"male","3534",2315,197,228,45,5
60,"male","9728",2342,220,261,20,4
55,"female","3026",1440,51,154,48,1
42,"male","6211",1939,203,230,29,1
25,"female","2014",1994,139,224,52,0
37,"male","3023",2095,146,248,80,4
78,"male","9721",2082,149,193,80,1
24,"other","3041",1713,135,130,53,3
51,"male","3515",1976,53,242,114,4
32,"male","4825",2541,89,402,28,4
46,"female","5012",1991,33,247,107,4
56,"female","3035",2309,129,447,25,3
76,"other","1033",2255,207,247,60,5
35,"male","3534",2760,159,272,78,6
29,"male","4816",2760,220,358,20,5
85,"female","1023",1959,42,392,20,5
56,"male","3035",2454,132,500,20,3
86,"female","1035",1881,185,226,30,6
66,"male","9721",2095,202,171,77,2
23,"male","2545",2619,149,303,67,2
70,"male","4825",2319,187,331,22,1
36,"female","3542",1799,126,270,42,2
64,"female","1028",1357,77,268,20,1
85,"other","9735",1540,45,145,62,4
64,"female","3035",2279,129,336,52,5
28,"female","5621",2097,135,328,28,2
50,"male","1046",2437,71,392,54,2
73,"male","1023",2165,124,378,30,5
22,"female","5646",2386,30,560,36,2
24,"male","6224",2080,75,351,40,2
80,"male","8921",1991,181,234,38,1
22,"male","1046",2423,66,203,144,3
72,"male","1028",1634,39,250,71,4
20,"male","5634",1903,109,348,26,1
48,"female","2014",2192,107,365,29,4
86,"other","6221",2371,202,193,99,4
49,"female","5025",1932,30,414,20,3
50,"male","5025",1668,44,321,36,9
72,"male","2014",2042,139,224,63,5
69,"female","5622",2135,220,161,40,5
40,"male","1046",2231,149,377,32,4
87,"female","5033",2035,52,317,56,1
19,"female","3026",1701,51,296,36,8
52,"male","1031",1794,80,267,50,2
56,"female","1813",1619,53,304,20,2
85,"female","3516",1704,70,237,52,1
81,"male","1031",1910,72,87,109,2
50,"male","1046",2437,220,86,69,2
58,"female","2517",2120,220,214,20,2
52,"male","3023",2282,54,194,151,7
66,"male","3514",2451,30,521,28,2
82,"female","1825",1543,75,213,20,4
23,"female","1036",2108,220,158,71,5
89,"male","4811",2210,55,502,47,1
22,"male","3035",2227,69,325,105,3
39,"other","6514",2083,32,373,37,3
80,"other","5646",1950,220,226,20,1
89,"female","3548",1891,36,215,122,3
25,"female","8912",2520,117,501,54,2
72,"female","9711",2195,149,353,29,5
50,"female","2014",2172,104,318,60,2
67,"male","3514",2569,104,330,110,1
79,"male","5616",2511,219,192,53,5
77,"male","5622",2392,150,392,20,4
28,"female","5616",2028,134,333,20,4
89,"male","1825",2246,220,207,49,5
47,"female","2545",2172,39,204,109,4
60,"female","1033",2324,85,379,41,3
68,"female","5022",2391,30,511,20,6
28,"female","9712",1937,58,263,86,0
20,"male","5045",2511,220,290,42,6
33,"female","8912",2105,212,238,20,5
61,"female","4811",2178,151,317,20,9
53,"female","5632",2129,129,381,43,4
22,"female","5612",2564,220,185,52,4
20,"female","1036",2108,190,213,31,2
61,"female","6535",1812,78,231,57,0
88,"female","9728",1723,178,179,47,0
20,"male","3026",2246,218,303,20,7
29,"male","5025",2368,175,376,20,3
55,"male","5014",1964,30,414,22,5
50,"male","3548",2119,50,401,20,4
49,"female","6514",1818,78,356,20,3
78,"female","2545",2297,139,273,71,3
43,"female","3515",1785,203,195,20,3
63,"male","1825",2165,220,207,52,0
59,"male","3542",2241,220,176,73,4
72,"male","9721",1976,30,332,62,4
69,"male","3026",2039,98,392,20,5
29,"female","1046",2006,30,360,20,1
75,"male","9721",2042,37,153,149,3
74,"female","3511",2385,68,400,52,3
50,"male","3548",2351,124,379,28,3
89,"female","2545",2127,126,322,37,6
26,"female","1823",1926,127,358,20,3
87,"other","5025",1868,40,373,36,3
82,"female","5644",2009,79,229,98,0
58,"male","4822",2132,57,408,32,1
19,"female","5634",1694,59,254,77,5
78,"male","1023",2196,144,291,51,6
61,"male","3534",2793,116,177,116,3
21,"male","3026",2298,62,460,21,2
35,"female","6221",2675,159,492,59,4
70,"female","3511",2026,64,325,58,3
47,"male","5622",2423,126,310,61,8
59,"male","9721",2138,69,322,68,0
18,"female","9711",2058,76,408,20,0
35,"female","3514",2412,139,239,102,4
32,"female","5646",1788,220,138,40,1
38,"female","3511",2208,72,371,60,2
34,"female","5033",1866,152,176,52,6
31,"female","1035",2593,207,268,119,2
30,"female","3024",2372,186,389,22,0
44,"other","3026",2597,212,427,20,3
87,"male","5646",2139,77,465,54,7
87,"male","5612",2125,157,335,20,3
73,"male","5045",2205,140,304,53,3
73,"male","1823",2252,102,460,20,2
61,"female","1825",1958,74,281,54,3
25,"male","3024",2404,151,160,113,4
36,"male","1036",2220,48,207,125,4
68,"female","9731",1200,70,139,55,3
56,"female","8921",2208,30,227,125,1
54,"male","5045",2343,147,398,24,3
30,"male","6211",2518,64,421,84,2
61,"female","6535",1685,131,242,35,3
52,"female","1033",1736,46,370,20,1
41,"male","9711",1922,138,261,40,1
23,"female","4811",2542,220,213,20,1
84,"male","1028",1794,80,246,63,7
66,"male","9735",2450,115,237,136,2
60,"female","1813",1658,77,294,25,1
62,"male","9735",2135,103,270,68,1
60,"other","6211",2215,140,338,44,7
87,"male","5632",2484,135,330,47,9
53,"female","1035",2208,137,336,44,8
50,"other","8912",2053,146,263,47,3
74,"female","5634",2016,85,260,49,2
75,"male","3548",2186,192,229,62,1
81,"male","3035",2269,220,126,134,4
70,"female","1036",1882,44,325,71,3
39,"female","4825",2212,47,462,38,3
56,"female","3548",2384,30,401,20,9
26,"male","5014",2512,220,279,20,8
74,"other","3035",1660,30,323,36,5
69,"male","1046",2150,34,316,84,5
32,"other","5634",1600,65,248,66,4
73,"female","3035",2548,192,257,94,2
87,"other","2545",2337,177,228,92,3
43,"male","6211",2216,35,255,106,3
29,"female","5025",1907,82,392,20,3
72,"male","3534",1723,51,245,68,4
51,"male","5045",2402,135,390,20,1
24,"male","3511",2315,90,349,57,0
28,"female","4822",1715,38,270,39,2
85,"male","3514",2524,61,375,76,2
44,"male","1031",2216,70,236,85,6
48,"female","1033",1923,30,409,20,3
72,"female","1028",1504,72,206,52,0
25,"male","5025",2298,38,560,33,4
86,"male","5644",1747,34,169,98,3
44,"male","5612",2322,207,325,29,4
45,"male","3515",2126,67,394,20,2
29,"female","3548",1728,178,122,26,3
21,"male","5646",2077,30,441,65,3
25,"male","8912",1925,196,221,27,3
24,"female","2014",2057,152,170,60,2
71,"female","5621",1797,56,320,52,6
23,"male","5646",2200,132,357,39,3
81,"other","2545",2261,117,233,77,5
61,"male","4816",2472,150,437,25,4
45,"female","6535",1601,139,279,32,4
70,"female","1035",2033,31,401,39,3
44,"other","6211",2853,220,241,21,4
28,"female","4811",2643,53,542,38,4
26,"male","3026",1945,54,387,20,4
61,"female","1023",2324,34,480,33,8
44,"female","3026",1791,80,416,20,5
62,"female","3542",1637,192,80,46,4
27,"male","5014",2282,220,142,31,6
20,"male","2545",2527,66,345,81,1
38,"female","3511",2208,125,335,33,2
59,"male","3515",1829,66,231,69,4
18,"female","2545",2038,89,349,29,5
61,"male","3534",2160,220,279,49,5
67,"male","9711",2061,156,284,62,3
21,"female","3035",2031,53,349,43,4
38,"male","4816",2755,220,428,20,1
75,"female","1028",1874,37,388,83,3
28,"female","5616",1910,201,155,52,3
31,"female","5634",2285,193,273,73,3
26,"male","8921",2398,89,304,89,0
89,"female","3511",1626,96,171,69,6
59,"female","3514",2047,58,348,32,4
75,"female","9731",1874,99,240,92,5
72,"male","6221",2403,59,204,149,4
32,"female","3035",2281,112,385,52,3
25,"male","1036",2112,146,357,35,2
42,"male","5646",2790,220,286,73,4
84,"male","3023",2108,79,219,126,4
22,"male","9728",2702,219,375,20,1
71,"male","4811",2195,116,317,50,5
32,"female","4816",2401,220,193,21,7
34,"male","8921",2398,154,141,140,1
58,"female","2517",1912,154,310,20,10
49,"male","6221",2323,132,381,59,1
75,"male","6535",1565,146,185,20,1
66,"male","6514",2079,55,418,23,3
79,"female","6535",1404,30,234,53,4
52,"male","3023",2282,38,378,37,2
77,"female","4822",1929,47,302,57,2
48,"female","1033",1736,90,291,20,3
70,"female","5632",2155,149,361,20,5
20,"male","5612",2401,220,317,24,5
60,"female","4825",1802,192,172,20,4
81,"female","6514",1499,69,314,20,4
73,"female","3035",2339,129,282,61,5
42,"male","5012",2256,77,442,21,1
83,"female","9731",1349,75,215,33,4
58,"female","3035",1972,30,402,21,5
26,"female","3511",1948,220,182,77,3
21,"male","3041",2109,108,280,51,1
68,"male","5012",1924,184,228,64,2
47,"male","9728",2686,220,327,20,2
87,"male","9712",2551,158,393,27,1
67,"male","9735",2409,115,198,142,3
89,"male","8927",1992,146,274,28,5
30,"male","5022",2139,112,443,20,9
74,"male","5646",2381,220,286,75,5
21,"female","3035",2031,43,332,97,2
61,"male","2545",2201,75,379,56,6
86,"male","6211",2221,130,442,20,6
64,"male","3041",2020,211,140,21,1
29,"female","1031",2026,55,272,83,4
65,"male","9731",1555,188,195,20,10
35,"male","3516",2066,82,260,77,0
20,"female","3023",2398,124,152,180,2
83,"female","3023",2055,148,142,104,6
88,"male","8927",2009,220,148,20,1
33,"female","4816",2369,199,360,20,2
87,"female","5634",1949,30,267,95,6
61,"female","5022",2047,158,324,20,3
35,"male","1031",2069,57,247,107,2
77,"male","1046",2150,33,415,20,5
32,"female","5622",2514,69,269,158,3
53,"male","9728",1852,76,286,30,1
49,"female","1825",1722,30,335,20,3
25,"other","5644",2324,220,220,45,1
81,"female","4811",1989,147,209,55,2
38,"female","5045",2237,146,362,48,3
35,"female","3514",2311,218,82,43,4
35,"other","6514",1668,220,105,31,3
32,"male","1035",2222,137,374,27,1
30,"male","4811",2347,136,362,40,4
22,"female","4817",2231,149,353,35,0
42,"male","3041",2177,220,171,31,3
32,"female","9735",2230,124,127,130,0
47,"male","5634",1899,112,298,28,3
25,"male","4825",2387,156,142,99,3
22,"female","3542",1798,112,230,60,2
81,"male","3515",1791,195,179,27,6
57,"male","1033",2190,46,486,39,3
23,"female","8927",2607,111,383,60,2
31,"male","9731",1696,183,180,20,3
86,"male","1036",2247,105,414,27,7
69,"male","8912",2146,96,310,64,2
46,"male","4822",2087,119,294,59,2
79,"female","5014",2117,220,197,20,3
75,"female","1028",1789,34,314,48,4
56,"female","5616",2011,96,345,48,4
38,"other","1033",2154,72,318,84,6
51,"male","1023",2212,207,321,20,6
64,"female","3516",1654,78,267,50,3
28,"female","4822",2212,104,310,74,0
73,"male","5612",2623,164,457,34,3
27,"male","1813",2281,30,477,54,4
33,"male","5014",2326,167,424,20,6
22,"male","9712",2720,129,331,79,2
68,"male","5022",2406,53,511,20,2
74,"female","5616",2382,95,334,67,6
50,"male","3511",2384,30,281,89,2
85,"female","6211",1786,61,277,22,6
49,"female","4817",1804,63,218,52,1
43,"male","3511",1942,134,214,53,3
43,"male","1036",2081,220,221,44,1
85,"female","8912",1540,30,225,39,4
73,"female","6224",1754,105,228,57,3
32,"female","9721",1770,156,142,88,3
60,"male","4816",2454,30,491,20,5
86,"female","5014",1592,81,301,25,2
62,"female","1823",1725,214,230,20,6
18,"male","9735",2117,179,182,20,0
42,"male","1033",2173,30,456,30,4
87,"female","4825",2035,200,234,20,4
51,"male","3514",2562,220,221,31,2
29,"female","3542",1913,120,333,49,3
25,"male","4816",2900,206,438,20,3
79,"female","3542",1644,30,310,42,4
72,"male","3511",1726,65,224,46,3
41,"male","9711",2252,52,357,53,0
57,"female","5612",2144,159,378,20,2
30,"female","8921",2523,79,345,93,1
19,"male","3026",2246,220,133,20,5
24,"male","6224",2080,51,404,43,5
57,"male","5025",2003,218,216,20,2
71,"male","4816",2154,65,441,20,10
50,"male","8921",3118,159,486,54,3
34,"female","5012",1840,66,263,33,3
59,"other","4822",2132,30,359,47,2
42,"male","6211",2286,33,316,142,2
27,"female","2545",2162,53,296,71,5
60,"female","4816",2066,79,295,36,3
64,"female","3515",1811,134,343,28,3
53,"male","1033",2190,46,402,49,3
51,"female","1031",1988,132,271,34,0
59,"male","3515",2411,74,262,143,5
22,"male","6224",1770,131,228,42,1
85,"male","4816",2125,50,350,46,0
72,"male","8927",2480,212,213,97,4
78,"other","3035",1660,62,290,23,2
18,"male","1813",2630,91,412,39,6
31,"female","5612",2040,159,176,54,2
53,"other","6211",1992,79,190,106,3
88,"male","4825",2524,111,470,21,5
39,"male","3511",2384,58,186,180,2
69,"male","6221",2793,57,575,20,4
81,"female","4816",2023,50,286,77,1
61,"male","2545",2336,88,237,141,7
78,"female","8921",1880,155,158,90,3
81,"male","1825",1962,104,209,79,4
27,"female","9711",2515,74,242,138,3
64,"male","3515",2321,103,375,28,1
69,"male","4816",2613,220,178,20,0
42,"female","3511",1755,35,270,52,4
32,"male","1035",2222,126,282,72,2
86,"other","9735",1859,103,273,49,3
64,"female","1825",1811,76,264,52,0
51,"male","3041",2137,110,398,20,5
61,"female","5014",2186,47,410,20,6
22,"male","4817",2769,220,138,56,2
26,"male","1028",1411,102,218,32,4
71,"female","1813",1921,127,277,50,3
62,"male","6514",1639,99,105,47,3
79,"female","5014",2352,61,488,20,1
22,"female","2014",2302,30,452,25,7
56,"female","5622",1956,220,221,29,5
31,"female","3531",2322,106,183,138,3
77,"female","5025",1384,82,301,20,3
25,"male","8912",2272,220,196,74,3
35,"female","6221",2309,220,242,20,2
71,"female","5621",1525,76,203,20,1
61,"male","5033",2218,104,259,72,0
73,"male","6514",1681,182,80,72,3
50,"female","1046",1962,55,379,20,3
18,"male","1028",1938,30,356,102,2
55,"male","5045",2343,185,297,28,1
40,"other","4822",1683,141,104,88,0
49,"female","8921",2208,32,227,126,3
38,"male","6224",1994,87,378,20,3
49,"other","4822",2002,88,123,102,0
77,"male","5646",2258,220,237,69,1
39,"male","2014",2201,85,318,48,4
89,"male","3023",2089,131,323,41,4
55,"male","8921",2602,30,372,96,4
22,"male","6514",2539,48,437,115,4
78,"female","9712",1948,90,155,115,3
86,"female","5646",1793,145,299,20,4
75,"male","3548",2272,217,237,49,3
23,"female","4811",2611,220,213,22,5
77,"female","4816",2169,66,350,58,1
43,"female","5012",1974,30,317,52,3
32,"male","5025",2304,70,492,51,4
35,"female","1031",2028,30,227,108,2
79,"female","6535",1650,44,359,20,4
40,"female","3026",1683,129,271,32,2
80,"male","4817",2050,62,324,71,3
19,"male","5033",2623,151,303,89,2
60,"male","5012",2282,30,388,43,3
29,"male","4816",2384,220,288,60,4
74,"male","5612",2415,53,430,24,3
59,"female","3514",2300,220,242,21,4
50,"female","6221",2309,169,282,28,6
37,"female","1031",2180,57,207,123,3
20,"male","1028",1894,30,338,45,2
56,"female","5644",1877,149,217,63,3
19,"male","9735",2552,56,296,128,2
25,"female","4822",1813,74,357,62,0
56,"male","5612",2527,220,388,36,6
55,"female","9731",1853,204,128,45,6
39,"male","5632",2417,220,187,51,2
41,"female","5014",1755,167,243,20,4
28,"female","6221",1856,114,252,57,4
53,"female","1813",2221,173,379,20,2
27,"female","2545",2266,83,163,125,6
53,"female","3035",2222,173,364,20,2
87,"male","5612",1898,138,185,53,2
18,"male","4817",2647,220,227,28,2
40,"female","4825",2112,220,207,23,2
66,"male","6535",2094,85,374,20,3
59,"male","5632",2159,194,352,20,3
76,"female","6216",2024,85,353,23,8
24,"male","9721",2200,160,243,79,3
20,"other","6221",2586,105,492,33,4
71,"female","1031",2234,72,365,30,3
38,"male","6221",2097,120,372,41,2
81,"male","5646",2353,220,263,55,5
55,"male","3026",2003,99,234,77,7
75,"male","9721",2223,184,181,68,3
45,"female","6211",2185,30,324,91,0
72,"female","3024",1940,30,402,20,7
29,"female","1823",2043,220,269,20,3
36,"male","2517",2577,43,406,28,3
88,"female","1031",2137,69,335,33,3
52,"female","2545",2172,105,342,81,7
59,"male","3542",2178,220,247,31,4
29,"female","1035",2436,84,438,51,2
41,"male","5634",2153,199,331,20,0
47,"female","5632",2402,31,401,38,2
43,"female","1023",2057,83,396,20,6
56,"female","4825",2417,84,410,42,1
42,"other","6224",2003,169,265,44,5
84,"male","9731",1878,99,279,35,0
80,"male","3515",1910,56,229,111,5
65,"female","5634",2055,85,394,26,5
30,"male","2014",2439,218,304,20,2
30,"male","1823",1920,131,332,20,5
22,"female","5646",2234,69,440,66,1
31,"male","6216",2312,220,253,61,3
38,"other","9731",1765,30,257,67,0
34,"male","4816",2384,220,317,20,2
77,"male","1028",1903,78,180,110,0
49,"male","9735",2013,32,193,146,4
47,"male","4822",1947,220,127,92,0
79,"female","5014",2055,30,412,28,7
78,"female","5646",1800,117,297,29,7
69,"female","4816",2151,149,363,60,7
44,"male","1028",2116,72,239,100,4
74,"male","2545",2340,220,92,103,4
71,"female","5621",1849,65,176,75,2
50,"female","6221",2451,58,475,29,3
82,"male","5621",1524,79,128,76,0
79,"male","9711",2400,150,281,71,3
27,"male","5014",2489,152,436,20,2
55,"male","5014",2084,102,404,20,8
50,"female","6216",1935,203,236,20,5
59,"female","5014",2186,88,406,20,1
75,"male","1033",2042,114,259,71,6
76,"male","5022",2353,173,424,20,2
75,"female","4816",1895,118,246,79,5
26,"male","6211",3045,46,442,76,4
59,"male","5632",2296,109,249,113,3
53,"male","1825",2102,220,216,20,0
72,"male","9711",2276,30,325,81,3
87,"male","5646",1953,191,200,32,2
86,"female","5646",1776,59,314,34,5
87,"male","9712",2551,205,314,38,4
71,"male","4817",1946,220,258,53,6
54,"female","1813",1958,138,194,70,4
54,"male","6224",2307,116,435,44,3
72,"male","9721",2200,149,80,105,3
32,"female","3516",2048,48,300,85,4
89,"male","1028",2000,220,196,20,2
61,"female","4822",2034,64,263,85,1
39,"male","3024",2418,141,218,63,1
64,"female","2545",2319,126,307,59,3
53,"female","9735",1944,30,194,124,1
73,"male","5616",1915,54,245,87,1
80,"male","4825",2423,150,232,102,6
63,"male","5045",2282,220,291,30,3
21,"female","3516",1694,74,237,49,1
41,"female","1813",2388,99,391,35,3
85,"female","3026",1524,188,203,28,2
50,"female","3534",1723,37,245,91,5
89,"male","9735",2210,64,310,93,3
61,"female","1823",1685,100,319,22,5
24,"female","1031",2171,48,462,36,0
35,"female","6535",1642,99,247,57,7
30,"male","5022",2139,93,438,20,6
71,"other","9712",2391,30,352,56,0
71,"male","5622",2407,220,270,20,3
74,"male","5045",2002,164,234,42,3
61,"female","1023",1818,146,196,31,6
80,"male","9711",2400,207,142,123,9
46,"male","1036",2448,157,303,71,5
62,"female","1823",1725,215,203,20,4
69,"male","8912",2324,81,402,56,3
89,"male","1825",2246,158,282,49,3
86,"female","3514",1868,40,317,44,6
70,"male","3026",2039,99,392,20,7
30,"female","4816",2401,160,306,59,2
89,"male","1028",2000,114,210,68,1
48,"female","2014",1982,85,334,47,3
88,"female","5014",1806,81,228,57,6
39,"female","6535",1634,121,251,20,2
34,"male","9721",2367,41,327,106,1
20,"female","4811",2310,220,280,75,4
65,"male","9731",2094,60,480,20,2
33,"female","6224",2314,89,503,20,1
33,"female","4811",2643,206,367,50,0
29,"female","5014",2199,96,385,20,6
18,"male","2517",2630,100,342,75,6
24,"male","4817",2297,30,322,96,1
80,"female","5644",1426,48,178,62,1
55,"male","1823",2157,181,389,20,3
57,"female","5632",1823,30,295,36,0
34,"male","8921",2381,154,141,177,2
66,"female","3516",1905,30,261,78,1
50,"male","5033",2334,77,352,60,2
87,"male","9728",2346,30,331,107,4
87,"female","5033",1550,62,270,46,1
25,"male","4816",2364,192,212,62,2
61,"female","9721",2037,159,129,130,3
71,"other","3531",2204,137,291,70,3
71,"other","5646",1949,57,329,28,5
74,"female","5014",1971,216,275,20,6
52,"female","5012",1931,30,296,62,1
48,"male","6221",2415,154,437,59,2
24,"male","9721",2176,160,226,79,3
52,"female","5012",1855,95,279,52,1
29,"female","1036",1939,114,295,22,4
56,"female","9712",2011,118,279,45,5
71,"female","2545",2024,37,242,103,1
37,"male","3023",2456,107,439,59,0
69,"female","8927",2668,79,215,158,6
18,"male","8912",2375,220,80,73,3
50,"female","6221",2093,30,351,46,1
75,"female","1031",1899,67,298,59,2
71,"female","3024",1851,106,257,41,2
64,"other","5646",2348,32,480,38,2
18,"male","5634",1862,101,370,20,3
27,"male","5014",2523,191,351,31,7
36,"female","6535",1622,139,219,20,2
85,"female","2014",1865,58,252,98,6
51,"male","3514",2391,220,242,21,2
65,"female","6224",2063,85,404,34,7
28,"female","3516",1874,85,211,87,2
79,"female","5621",2116,30,552,20,6
33,"female","4816",2456,160,224,103,1
86,"female","1035",1912,81,207,98,8
24,"male","4817",2753,220,275,38,2
41,"male","5634",2153,131,208,79,2
36,"male","1036",2220,220,145,66,1
57,"male","2517",2512,95,342,22,10
35,"male","5022",2367,220,367,20,3
85,"female","6216",1515,30,186,30,6
40,"female","3515",2317,193,358,22,1
61,"female","3024",2002,178,127,84,6
48,"male","3024",2173,96,395,20,3
53,"female","3035",2102,220,145,60,4
28,"female","4822",2097,119,331,43,1
37,"male","3516",2428,32,114,180,2
45,"female","4822",1769,74,186,101,0
62,"other","3515",1831,30,405,23,3
56,"male","3035",2228,64,383,58,4
84,"male","5025",1790,145,344,20,6
44,"female","3514",2467,115,461,21,0
24,"male","5632",2282,220,145,32,2
44,"male","5012",2677,118,337,96,3
85,"other","5025",1747,47,287,34,7
23,"female","1036",1723,58,286,35,3
57,"female","9731",1623,146,146,43,3
42,"female","5033",2421,30,360,93,3
45,"female","8912",2130,178,264,58,4
30,"female","3024",2221,63,324,82,0
71,"female","5621",1612,173,111,61,1
38,"male","6221",2417,30,316,103,3
46,"male","1031",2044,72,263,53,6
32,"female","9712",2094,61,308,97,1
46,"female","5634",2133,199,257,61,1
69,"female","1023",1770,153,100,81,5
35,"female","4811",2599,195,379,42,3
23,"female","1036",1886,123,260,29,3
41,"male","6514",2351,59,289,105,0
53,"female","1813",2286,117,433,25,8
30,"male","6221",2760,220,216,22,1
39,"male","3024",2427,186,360,44,4
58,"male","4822",1789,188,183,29,2
75,"female","6224",1754,156,124,56,4
55,"male","8921",2602,220,138,119,1
36,"male","1036",1935,67,254,80,4
74,"female","5014",1992,139,220,40,6
54,"female","9735",2221,30,316,94,2
56,"female","6211",1992,174,271,30,7
38,"male","4816",2658,220,391,20,2
71,"male","3516",1917,47,227,87,1
87,"male","1033",2138,74,430,20,4
62,"female","2545",2105,72,334,79,7
21,"female","2014",2189,30,452,23,7
70,"female","5632",2050,89,272,49,1
22,"female","3035",2031,79,377,28,4
21,"female","3515",1956,41,220,88,3
70,"male","3026",1945,87,324,20,2
29,"male","3514",2577,87,383,67,5
77,"male","9721",1882,65,255,80,3
47,"male","2014",2251,107,354,80,4
89,"other","3041",2356,133,378,30,3
19,"male","3024",2623,89,410,60,2
58,"male","1033",2481,220,209,39,2
87,"female","6211",1989,130,168,67,6
28,"male","4817",2506,98,484,60,1
82,"female","5616",1647,149,243,36,3
75,"female","9721",1895,44,88,121,3
71,"female","4822",1738,118,224,20,7
49,"male","5025",2066,195,243,47,7
32,"male","3026",2000,30,428,20,2
47,"female","4816",2664,220,438,20,3
39,"male","5033",2003,30,182,122,1
51,"male","3026",1876,150,255,23,3
39,"male","3026",2482,155,329,20,1
86,"male","1033",2303,134,311,34,4
35,"female","5646",1863,220,246,20,3
65,"female","1036",1956,79,211,84,5
27,"female","5632",2416,220,138,33,2
79,"male","1035",2777,150,426,28,2
83,"female","5634",1797,64,416,28,2
42,"male","9728",2391,220,213,37,7
78,"male","4817",2180,220,213,20,2
61,"female","5022",1994,144,309,20,8
27,"female","6535",1705,45,359,20,3
40,"female","5045",2479,46,539,20,0
33,"male","8921",2507,30,303,143,3
20,"male","1825",2060,96,260,57,7
28,"male","1046",2559,212,216,97,1
77,"male","6224",1810,131,352,20,3
34,"other","1033",1532,51,154,82,5
55,"female","9731",2004,30,419,28,3
80,"female","6216",1469,58,154,76,7
44,"male","3534",2385,220,232,28,7
38,"male","4816",2497,170,347,20,3
60,"female","9731",1785,54,320,41,6
70,"male","6514",2034,54,332,71,2
65,"male","3514",2765,125,239,111,0
32,"female","6224",2037,30,224,88,4
51,"female","5045",1583,208,136,103,1
32,"female","1033",1806,88,393,20,3
68,"female","4816",1928,82,319,36,3
49,"female","1028",2212,71,316,72,4
75,"female","8927",2592,115,347,123,5
80,"female","9735",1551,30,124,69,4
71,"female","1035",1978,136,284,28,2
31,"female","1035",2311,163,245,68,2
89,"female","3516",1704,34,237,91,1
32,"female","1033",1806,54,286,62,4
21,"female","5022",2861,87,572,20,6
28,"male","5025",1987,160,251,31,2
65,"male","5622",2543,137,398,20,4
31,"male","4811",2492,37,519,66,2
30,"female","4816",2401,160,369,66,3
89,"other","1825",1897,74,325,28,2
89,"female","5025",1707,30,375,20,6
82,"male","1033",2226,150,283,70,9
43,"male","9735",2234,220,154,20,1
76,"female","3023",1776,30,367,51,5
52,"male","8921",2364,45,114,176,5
53,"male","8921",2364,62,431,60,2
86,"female","8921",1733,34,310,43,6
32,"female","2517",2421,220,118,20,6
48,"female","1033",2012,71,386,20,5
30,"female","6216",1706,65,274,30,4
37,"female","3023",2154,199,142,78,2
81,"female","9712",2036,201,201,44,4
22,"female","4817",2520,30,420,27,1
61,"male","6535",1785,98,299,39,4
61,"male","5612",2196,133,355,40,4
18,"male","9735",2619,48,296,126,3
28,"female","4825",2334,69,268,100,4
39,"female","4825",2052,220,88,26,2
71,"female","5632",2151,65,283,93,0
85,"female","3026",1603,139,222,22,4
22,"male","5033",2315,123,414,66,2
58,"male","9711",2251,160,353,29,8
37,"male","1823",2495,44,435,20,8
65,"male","3515",2321,109,310,47,5
31,"female","3548",2149,193,257,31,2
50,"female","1813",2107,85,336,47,2
25,"male","5612",2459,139,405,40,1
21,"female","8927",2889,129,459,21,2
88,"male","1028",1644,30,155,85,7
77,"male","1028",2113,74,219,104,2
79,"male","3542",2178,124,186,98,4
76,"male","2014",2223,30,381,58,5
71,"male","2517",2353,137,392,26,10
54,"male","4817",2221,69,361,43,8
26,"female","2517",2170,220,229,20,6
28,"other","3035",2251,208,244,54,2
89,"male","2517",1977,30,473,20,6
56,"female","1813",1958,30,412,54,3
40,"male","1046",2037,97,337,31,4
76,"male","6224",1903,220,148,20,4
84,"female","5033",2006,52,282,61,2
75,"female","8927",2668,115,294,79,4
34,"male","5025",2036,220,282,24,6
37,"female","5012",1987,220,126,105,5
65,"male","3534",1971,58,388,28,10
71,"female","1033",2102,52,372,52,0
42,"female","2545",1632,65,195,49,5
23,"female","1036",2108,199,231,52,2
24,"male","3531",2470,53,458,29,4
36,"male","6224",2179,51,410,30,2
54,"male","3024",2437,192,389,22,6
33,"female","5632",2053,30,369,32,3
52,"male","5014",2346,207,424,20,3
86,"male","5621",2123,30,325,93,2
31,"female","3035",2563,151,427,20,1
67,"male","4825",2569,220,232,20,2
69,"male","8912",2268,137,408,20,2
88,"female","5646",1776,125,183,31,5
47,"male","9731",1936,85,336,20,3
50,"male","3041",2177,220,126,47,4
56,"male","9731",1721,131,183,21,10
52,"female","3023",1804,30,330,38,0
28,"male","2517",2535,220,279,20,5
61,"female","3514",2215,57,283,82,4
19,"other","8921",2351,168,183,92,4
88,"female","4816",1504,138,195,53,2
74,"other","3035",2337,71,247,113,3
59,"female","1046",1642,56,340,20,1
33,"female","4816",2221,79,295,44,4
69,"male","6221",2296,57,256,100,4
56,"female","6221",1943,40,329,47,4
27,"female","1028",1728,175,114,62,3
79,"female","3514",1839,49,348,32,5
66,"female","3516",1654,156,231,20,2
71,"male","5622",2058,166,310,26,2
43,"female","2014",1933,35,406,20,7
56,"female","4817",1957,55,261,86,2
89,"female","4817",1760,62,295,35,3
49,"female","5622",1934,138,335,23,6
54,"male","9731",1876,63,390,20,6
72,"male","2014",2023,139,156,68,5
81,"male","6224",1603,192,80,52,6
66,"female","3534",1912,119,190,59,6
45,"other","1028",1997,30,338,51,2
39,"male","6221",2928,167,572,59,5
75,"female","5634",1200,45,292,20,0
48,"male","5612",2598,220,268,37,2
83,"male","5045",2068,50,414,20,7
81,"male","6514",1602,44,199,36,0
38,"female","4816",2220,79,362,20,3
42,"female","8912",1757,30,209,84,2
56,"male","3035",1992,146,221,51,5
34,"female","2517",1928,209,195,31,6
70,"female","5632",1928,30,445,26,3
68,"female","5022",1873,83,341,20,6
65,"female","4811",2237,55,441,20,8
57,"female","5033",1752,69,195,67,2
27,"male","5646",2470,63,442,65,8
55,"female","1028",1733,77,211,63,0
41,"male","5033",2593,89,303,125,1
48,"female","1823",2017,218,255,20,3
41,"male","6216",2046,120,223,78,1
84,"female","5612",2221,155,378,20,4
55,"male","2545",2481,30,394,68,6
78,"female","9721",1845,78,281,46,3
74,"male","2545",2645,220,252,109,2
56,"male","1046",2045,55,337,49,2
89,"female","4817",2067,30,248,107,0
54,"male","6224",2201,35,410,50,8
24,"male","9721",2337,55,388,67,2
66,"female","1036",1956,79,286,34,6
19,"male","9721",2447,84,339,93,0
40,"female","5644",2012,30,221,121,4
29,"female","5622",2426,85,391,28,7
60,"male","9728",2687,220,301,31,4
78,"male","1023",2276,220,242,24,4
69,"female","1033",2324,85,354,80,4
50,"female","3534",1951,66,287,58,1
57,"female","3035",2176,120,447,20,2
25,"male","2517",2394,109,397,26,2
35,"female","6221",2675,220,375,33,2
46,"female","3515",1809,66,220,77,5
79,"female","3516",2077,33,352,41,2
74,"female","8912",1571,40,210,66,1
49,"male","3024",2669,220,332,38,2
67,"female","9728",2129,143,393,28,4
80,"female","9728",1983,57,386,24,10
80,"other","6221",1906,220,226,32,5
42,"female","3511",2049,30,309,62,4
47,"female","9721",2114,62,303,86,3
55,"male","6211",2084,30,333,83,8
27,"female","1031",2424,64,236,133,4
77,"male","2014",2400,145,370,35,6
87,"male","4816",1974,30,413,20,3
58,"male","1046",2013,88,333,63,5
43,"male","5621",2498,154,279,72,5
44,"male","5012",2085,220,191,20,1
89,"male","4825",2415,30,381,87,5
65,"female","8921",2046,37,372,61,3
80,"female","1033",1992,52,263,93,4
45,"female","4822",2164,56,408,35,3
32,"female","5622",2242,136,360,20,8
52,"male","3515",1829,87,308,20,2
21,"male","5634",2048,106,312,20,1
59,"male","5644",2000,133,216,61,1
34,"male","6224",1864,35,224,108,2
55,"male","5014",1964,30,387,27,1
75,"male","4816",2061,79,286,49,4
73,"male","5014",2205,67,411,27,5
75,"female","5621",2009,57,358,20,1
78,"male","1823",1734,214,230,20,3
43,"female","9728",2081,159,321,30,1
50,"male","6514",2178,113,385,20,1
53,"male","1028",1758,34,134,98,5
53,"female","1046",1962,88,291,72,4
31,"female","8912",2023,122,271,58,5
52,"male","9721",2274,56,298,92,5
84,"female","3534",1786,73,186,103,8
53,"male","8912",1912,158,292,36,5
73,"female","6224",1795,126,213,37,7
63,"female","6216",1637,89,294,24,2
27,"male","3548",2165,193,197,31,2
54,"female","5033",2371,68,364,66,2
37,"male","1813",2150,149,215,82,5
56,"female","8921",2208,30,303,84,1
56,"male","5022",2234,57,481,20,6
74,"male","5622",2407,137,391,20,6
72,"male","9711",1769,61,200,59,3
63,"female","8921",2087,37,308,74,3
85,"female","1023",2600,130,457,20,7
38,"female","3531",2258,122,374,53,3
42,"male","6224",2121,156,301,20,2
68,"female","6221",2152,108,361,48,7
66,"female","3516",1788,30,225,56,1
51,"female","1023",2085,177,179,70,4
28,"female","9712",1937,58,154,106,3
75,"male","1825",2252,220,237,49,2
42,"male","3041",2218,197,272,52,4
23,"male","5646",2255,146,322,20,2
21,"female","4811",1616,49,257,28,5
18,"male","3023",2719,220,259,48,2
47,"female","4822",2101,30,388,93,4
32,"female","2014",1806,87,225,60,3
42,"female","5014",2001,186,300,20,7
72,"female","3024",2067,118,263,69,7
55,"female","3026",1877,70,187,99,2
22,"female","6514",1926,220,186,21,3
25,"female","5644",2359,74,259,74,0
41,"female","6514",1285,53,216,39,1
27,"male","6224",2057,82,337,41,2
65,"male","5025",2094,65,327,84,1
51,"female","4817",2062,55,261,78,3
53,"female","4816",2479,220,287,20,4
30,"male","6221",2288,190,389,20,4
51,"male","3516",1908,188,102,24,3
62,"female","3542",2005,48,227,108,5
47,"male","5622",2572,186,348,35,4
22,"male","3023",2432,199,229,109,3
38,"female","6221",2378,61,474,55,2
64,"female","2545",1886,104,299,24,5
64,"female","1028",1357,102,199,38,1
26,"female","4816",2412,115,382,37,2
21,"male","1028",2029,72,419,20,3
78,"female","5646",1734,163,249,29,0
48,"female","5025",1932,145,299,20,8
70,"male","3024",2252,130,335,52,1
18,"male","1813",2405,151,409,50,6
29,"female","1035",2330,123,368,49,0
23,"female","1036",2108,216,231,52,3
29,"female","5022",2622,220,371,31,2
79,"male","5644",2330,153,282,57,6
53,"female","5644",1643,149,114,69,3
84,"female","4811",1661,37,336,22,5
51,"male","3024",2289,81,373,45,1
38,"male","3511",2620,194,274,38,0
50,"male","3041",2177,150,364,20,7
60,"male","3548",2086,86,265,69,4
31,"female","8912",2023,122,271,59,5
25,"other","5632",2350,220,160,69,6
18,"female","3515",1956,41,317,21,6
53,"female","4816",2664,116,475,28,4
51,"male","1031",2225,61,374,37,0
73,"male","6514",1777,54,363,27,4
31,"female","5025",1500,79,132,80,3
29,"female","1823",1946,93,291,20,8
79,"male","3548",2232,220,195,50,4
66,"male","3514",2569,154,317,72,2
24,"male","6224",1931,87,392,20,5
36,"male","3041",2208,88,347,35,2
31,"male","9731",2357,197,116,99,5
71,"female","3531",2339,43,334,107,6
50,"male","3515",2224,122,337,40,5
23,"male","1046",2552,198,353,20,2
24,"other","3026",2298,182,358,20,2
39,"female","5621",1598,30,341,27,2
63,"female","5616",1645,155,243,46,3
50,"female","1813",1985,164,231,57,2
76,"male","4825",2058,104,294,31,5
21,"female","6216",1792,79,299,20,4
38,"male","5632",2756,86,364,123,4
41,"male","5634",2368,213,244,48,1
35,"female","3041",2088,162,308,20,2
32,"male","5646",2492,144,437,22,2
64,"female","4817",2518,82,420,20,3
55,"male","5014",2288,91,421,20,4
88,"male","1825",2141,78,432,20,6
84,"male","5012",1747,95,267,45,5
31,"female","4816",2302,220,253,20,7
89,"male","6514",1944,141,185,20,1
57,"male","8912",2170,220,176,29,4
65,"female","3026",1876,117,291,51,5
22,"male","2517",2200,211,354,20,2
76,"male","1023",2276,132,378,35,6
71,"female","3534",1757,220,158,54,4
60,"male","5634",2307,161,395,20,5
52,"female","8912",2374,131,248,103,0
50,"female","4822",2071,57,357,30,2
42,"male","3041",2218,148,396,20,1
58,"male","1033",2190,66,419,28,3
19,"female","3035",2146,220,126,87,1
27,"male","5014",2687,156,600,20,4
86,"male","3534",2096,50,302,84,3
24,"male","4817",2753,198,379,61,3
47,"male","8921",2771,98,434,37,3
89,"male","2517",2159,61,363,59,7
19,"female","3041",1692,61,190,75,3
38,"female","5033",2211,95,352,67,5
83,"male","3511",2400,114,289,91,3
42,"female","5014",2224,88,411,20,6
24,"male","6216",2571,160,347,51,0
53,"male","1033",2390,197,281,52,1
48,"female","3024",1956,61,245,108,5
46,"male","2014",2062,104,291,31,3
30,"female","9728",2040,143,251,52,4
22,"female","3511",2233,166,233,88,3
55,"male","9728",2175,76,241,100,4
71,"female","2517",1911,163,310,20,2
89,"female","3023",2422,118,207,142,2
50,"male","3515",2677,123,442,29,2
35,"male","3511",2343,60,143,162,2
29,"male","5025",1945,45,391,20,3
50,"male","5025",1833,93,363,20,5
46,"female","4822",2094,30,120,151,2
85,"female","1028",1524,62,172,73,7
79,"female","3511",1948,90,287,37,4
74,"female","5634",2016,74,262,86,2
88,"female","1825",2176,220,213,50,5
73,"female","3023",1776,174,100,61,3
58,"male","3514",2508,46,177,112,1
41,"female","6211",2237,144,396,36,3
89,"female","4817",1793,45,246,71,2
20,"female","5022",2103,108,342,20,5
79,"male","3023",1775,170,92,48,5
68,"male","9728",2336,76,358,101,4
24,"male","5022",2375,152,402,23,1
89,"male","1035",1974,81,242,75,4
30,"male","8927",2572,220,279,42,3
88,"male","1023",2357,133,375,30,6
30,"male","6211",3045,34,600,65,4
56,"female","3511",2231,63,331,72,1
42,"male","3023",2309,107,458,62,0
26,"male","3024",2112,39,303,62,2
47,"female","2545",1982,113,257,46,1
36,"female","1031",2052,186,177,68,1
32,"female","5012",2155,220,187,44,3
18,"male","3026",1916,51,309,66,3
57,"other","4817",1903,149,236,30,2
22,"male","5612",2191,191,346,20,1
39,"male","8912",2281,107,259,95,2
65,"female","5634",1998,85,287,29,3
68,"female","8912",1502,35,112,123,5
51,"female","3531",2106,79,237,92,4
89,"male","2545",2230,117,310,39,2
89,"female","3511",2306,30,534,43,6
47,"male","5012",2256,47,359,53,1
18,"male","3023",2665,158,233,115,0
39,"female","3511",1955,65,176,143,1
20,"female","5022",2146,30,430,28,2
67,"male","3514",2070,79,379,24,3
89,"male","3515",2061,212,243,20,0
87,"male","5014",1956,81,316,20,1
75,"female","3023",1776,170,80,48,4
26,"male","9711",1968,196,279,45,1
88,"female","9728",1723,143,131,109,4
18,"male","1028",1938,30,383,47,1
46,"female","5644",1791,129,145,54,1
65,"male","3041",1935,45,419,23,5
27,"male","5022",2291,220,291,20,6
71,"male","4816",2014,63,315,71,4
57,"female","9728",2178,38,421,20,0
86,"female","1035",1739,44,321,52,7
53,"male","8912",1912,49,406,20,3
25,"male","8912",2365,157,354,35,2
61,"female","3516",1790,51,267,39,3
42,"male","6211",2216,70,326,97,3
32,"male","4811",2492,144,492,34,2
20,"female","5022",2184,211,353,20,5
74,"female","1046",1802,140,209,78,2
62,"female","2545",2331,98,188,130,4
65,"male","4811",2206,36,474,47,5
51,"male","5616",1939,30,458,32,6
20,"other","1033",1852,73,344,41,6
38,"male","6224",2179,35,319,82,5
50,"male","5033",2418,30,459,94,4
43,"female","9728",2367,81,217,95,5
79,"female","6535",1404,103,262,20,6
35,"female","5025",1694,89,303,53,4
86,"male","3548",1605,30,336,41,1
89,"male","1028",1377,72,83,70,1
30,"female","3024",2456,151,364,49,4
68,"female","1035",2033,140,251,45,2
24,"male","5616",2511,109,438,28,7
37,"male","3511",2800,45,151,173,1
60,"female","6535",1783,69,273,25,3
39,"male","2014",1957,30,324,50,4
39,"female","5622",2599,30,572,23,8
30,"male","9712",2234,208,207,42,3
45,"male","3023",2437,69,358,68,0
74,"female","5014",2019,200,255,20,3
43,"male","2014",2212,85,347,20,0
46,"female","5632",2380,64,328,92,3
81,"male","5621",1935,220,217,20,4
51,"male","3531",1883,113,325,30,8
43,"female","3511",2208,57,273,89,1
23,"male","5634",1998,30,278,70,2
53,"female","5632",2225,151,381,20,8
43,"female","3534",2011,169,156,106,5
39,"female","5045",2222,220,291,64,7
65,"female","8927",2296,220,279,31,2
57,"female","3035",1983,178,279,40,5
35,"female","6535",1536,148,290,32,5
55,"male","2545",2190,39,376,68,1
36,"male","3026",2072,33,427,20,3
38,"male","5022",2338,147,369,33,3
26,"male","8921",2585,100,454,56,1
22,"female","1823",1701,53,303,36,6
58,"female","9711",1911,190,215,42,6
84,"male","3534",2315,220,280,49,3
89,"female","5616",2422,220,279,20,1
44,"female","4817",1933,30,143,149,2
67,"male","1825",2086,96,231,78,7
72,"female","6514",1874,30,414,23,2
58,"male","5622",2264,115,285,62,5
29,"male","5033",2486,89,338,75,2
48,"male","3516",1912,58,255,78,1
44,"male","1031",2198,35,120,139,1
77,"female","3534",1714,147,143,48,5
28,"male","3023",2719,110,167,152,2
67,"male","4825",2426,84,429,58,6
89,"male","2545",2229,172,262,30,3
34,"female","5622",2671,195,414,20,6
56,"male","5612",2342,183,341,22,4
37,"male","3023",2252,54,306,81,1
62,"female","6224",1840,119,239,54,3
88,"female","4816",1872,125,257,53,2
74,"female","6221",2600,30,592,20,2
83,"male","1023",2247,103,449,20,3
87,"male","5632",2484,220,205,78,3
28,"male","5033",2846,54,341,103,0
80,"female","2014",1634,40,193,74,4
71,"female","3531",2203,153,282,46,3
36,"male","9731",2597,200,297,51,3
41,"female","5033",2112,87,259,89,2
31,"female","1823",1500,41,257,27,5
37,"female","6216",2088,188,353,20,2
57,"female","5616",1991,57,270,62,4
37,"male","5033",2148,135,278,59,1
24,"male","4817",2315,98,305,77,1
50,"other","3035",2853,54,500,73,2
32,"female","1033",1658,52,332,47,5
62,"male","1033",2094,117,393,26,5
49,"male","1028",1896,107,135,80,3
23,"male","5634",1894,161,180,31,1
61,"male","5033",2320,30,459,45,1
87,"female","1028",1819,218,90,26,4
23,"other","3542",2324,30,511,20,0
41,"female","6514",1761,55,315,36,1
71,"female","9712",1887,30,343,68,0
60,"female","5632",1423,178,146,31,10
55,"male","3515",2149,220,220,20,2
43,"female","5634",1987,102,175,71,1
53,"female","1813",1919,141,231,41,5
69,"female","1023",1818,76,302,59,5
56,"male","5622",2796,220,279,34,4
82,"male","4825",2332,187,273,20,3
75,"female","8927",2684,118,330,79,5
78,"male","9728",2196,132,247,88,4
28,"female","4811",2428,85,142,138,4
54,"female","9711",1943,30,428,35,1
22,"female","1046",2401,182,214,94,2
55,"male","5632",2448,44,177,128,4
37,"male","1035",2459,60,412,77,3
56,"male","1046",1843,77,348,27,5
30,"female","5646",2142,220,211,23,2
85,"female","1036",1818,72,287,45,10
79,"female","1028",1508,72,141,70,2
43,"male","6224",1838,132,352,20,3
25,"male","3024",2394,151,296,70,2
75,"female","8927",2296,220,291,20,8
23,"male","9731",2141,220,237,46,1
42,"female","8912",1651,40,302,62,6
49,"male","3534",2611,220,232,45,5
65,"female","3024",1888,61,297,28,1
22,"male","3542",2685,46,322,110,5
46,"female","4822",1820,141,142,84,3
61,"male","5014",2557,219,281,20,9
69,"male","4825",2410,220,209,29,5
37,"female","1031",2028,102,299,56,6
41,"female","3511",2435,112,237,138,1
60,"female","3515",1958,30,318,36,2
79,"other","1023",2261,99,272,57,7
60,"female","5632",1920,30,295,59,3
82,"male","3531",2184,65,249,110,8
22,"female","3542",1965,55,247,106,4
60,"male","3548",2351,220,253,53,6
41,"female","1813",2079,112,347,20,6
82,"male","8927",2480,199,295,31,6
30,"female","6216",2112,96,373,27,4
19,"male","9731",2239,129,245,103,1
68,"female","8912",1750,45,180,72,4
38,"female","5045",2232,173,392,20,0
18,"other","4822",1948,30,200,149,0
20,"female","2014",2191,107,289,52,0
33,"female","4816",2302,220,264,21,1
83,"female","3023",2352,117,251,133,4
88,"male","1825",1962,77,304,66,7
52,"female","3511",2333,63,227,129,5
55,"male","8912",2217,47,291,99,5
59,"female","1046",1479,102,186,66,4
81,"male","6514",1777,55,413,20,0
85,"female","1028",1310,48,203,21,3
74,"female","2517",1935,110,375,20,4
23,"male","1813",2236,139,347,20,8
29,"female","1023",2118,83,391,35,6
75,"male","9711",1827,61,366,20,1
42,"male","3531",2344,75,253,107,7
54,"male","9731",2066,51,297,93,6
69,"female","5632",2151,100,361,53,2
28,"female","3534",2006,30,401,44,2
33,"male","3516",2066,30,247,100,2
44,"male","5632",2111,30,485,20,4
55,"male","2545",2190,105,163,105,4
74,"other","5616",1895,61,282,32,3
63,"male","3041",2068,220,234,20,0
44,"female","4817",2071,62,252,94,1
22,"male","3035",2647,168,439,27,3
40,"female","3515",1809,59,310,39,1
44,"male","4825",1939,57,315,65,4
89,"female","5025",1983,139,309,20,3
59,"male","5646",2390,220,323,22,4
67,"female","5014",1750,167,249,20,4
87,"male","5612",2141,157,297,75,3
72,"male","6221",2195,153,361,60,2
71,"female","1028",1508,77,80,70,2
22,"female","5646",2230,220,213,42,3
78,"female","5045",1891,163,179,24,5
47,"female","4816",2321,39,480,47,4
35,"male","3516",2428,30,281,129,1
47,"male","5025",1904,45,413,20,5
84,"female","4822",1610,65,83,53,2
62,"male","5014",2218,42,449,20,2
67,"male","6514",1945,115,161,77,2
89,"other","2517",1907,40,392,20,2
54,"male","2517",2274,131,360,23,5
55,"male","6535",1822,107,184,51,7
82,"male","3516",1524,30,310,56,2
89,"female","5025",1717,191,192,20,6
60,"female","6535",1775,55,207,72,3
87,"male","9728",2178,30,443,20,4
62,"female","3511",2214,95,219,128,4
43,"male","5022",2292,91,272,20,8
47,"female","6211",2433,220,286,31,5
22,"female","2545",2297,73,303,72,2
39,"male","8912",2153,69,432,33,5
27,"male","3026",1987,220,227,20,3
81,"female","4811",1786,150,209,42,2
47,"male","5622",2487,170,347,34,2
33,"male","3542",2428,64,398,84,0
44,"female","5621",1722,30,180,78,4
87,"male","4816",1898,30,373,27,2
63,"female","9728",2237,213,310,20,1
55,"male","1823",2118,102,434,20,4
61,"female","5022",2021,116,169,86,6
43,"male","6211",2286,33,333,124,3
83,"other","5646",1776,76,314,22,6
46,"male","5646",2307,220,329,29,4
32,"female","5622",2340,30,550,28,5
27,"male","3516",1866,185,102,20,3
58,"female","1031",1865,30,393,93,1
45,"female","3548",1883,163,130,67,4
72,"female","9711",2203,143,354,29,5
32,"male","4811",2049,133,337,28,6
81,"female","6224",1797,68,348,20,4
87,"male","9728",2380,72,332,80,4
36,"male","1036",1940,37,366,68,3
73,"female","6221",2195,113,259,91,1
33,"female","1825",2042,95,306,36,2
78,"female","5646",1714,119,271,41,4
23,"male","1825",2660,168,195,103,4
33,"female","8912",2627,206,353,51,2
66,"female","3041",1905,183,215,20,0
75,"female","3534",1906,30,321,69,4
72,"male","2014",1976,30,248,98,8
73,"male","1823",1734,127,323,21,3
71,"female","1028",1499,147,114,59,4
53,"female","3026",1853,220,110,48,3
61,"female","4811",1878,30,372,28,5
85,"male","5014",2350,133,435,20,8
48,"male","6211",2575,107,435,42,2
77,"male","1046",2166,30,255,116,3
55,"male","6535",1785,83,322,53,5
66,"female","5644",1797,63,314,39,2
70,"female","4822",1716,169,195,20,5
46,"female","3511",1804,41,314,39,5
80,"male","2014",2368,187,181,105,7
53,"male","5632",2296,63,448,45,3
75,"female","4816",2134,84,414,20,3
64,"male","6211",2218,39,415,20,3
58,"male","1033",2246,220,177,20,4
53,"female","4816",2488,135,427,25,2
74,"male","1036",2097,184,263,62,8
43,"female","5634",2146,216,331,20,3
85,"female","1023",1959,77,425,20,5
41,"female","5616",1757,126,253,29,2
65,"female","1036",1925,104,186,83,2
39,"other","3023",2127,220,187,22,3
39,"male","6221",2417,110,142,136,7
72,"male","9728",2386,84,283,90,5
32,"male","4825",2491,220,209,21,3
82,"female","2545",1992,85,380,20,6
41,"female","5025",1758,105,247,60,6
18,"female","8921",2673,58,313,101,1
80,"male","4811",2207,88,335,41,5
72,"female","5022",1776,41,392,20,3
87,"female","5033",1550,30,376,47,1
76,"male","2014",2432,207,228,109,1
19,"male","3023",2650,110,109,146,1
22,"female","3514",2436,115,440,28,2
39,"male","5045",2635,220,406,34,4
61,"male","6535",1847,78,179,84,2
72,"female","3548",2181,149,259,99,5
61,"female","5033",1788,56,280,46,0
63,"male","9712",2415,173,200,109,3
65,"female","9731",1357,121,216,28,7
88,"female","5646",1752,47,290,20,5
30,"male","3548",2042,160,272,50,3
71,"female","1813",1921,30,387,23,6
46,"female","5616",1910,174,255,20,3
86,"female","5014",1531,44,297,20,2
67,"male","5632",2160,100,402,26,2
23,"female","6224",2382,54,560,20,1
72,"male","6514",1917,86,363,20,5
89,"male","1028",2122,55,319,93,1
40,"male","5612",2771,55,542,20,5
75,"male","5632",2271,125,402,42,5
86,"female","5621",1408,30,149,76,4
28,"male","5025",1945,145,299,20,2
45,"female","3548",1965,30,445,20,7
40,"male","3023",2413,107,358,68,3
72,"female","3515",1663,37,253,69,1
80,"female","2014",1845,179,215,20,6
61,"male","5612",2472,220,388,20,2
56,"male","9731",1998,220,131,47,4
51,"male","3515",2163,181,309,20,6
85,"male","3542",2093,47,285,68,3
58,"male","3516",1976,86,242,100,2
67,"female","3024",2121,80,258,106,4
65,"male","1823",2367,220,367,20,10
72,"female","4817",2186,181,277,31,4
81,"male","3035",2056,205,182,70,7
36,"male","6224",1695,30,284,43,1
72,"female","6224",1640,90,166,62,3
48,"female","3026",2017,30,427,22,4
50,"male","5025",1876,220,227,20,8
61,"female","5033",1752,36,280,48,1
69,"male","4825",2294,187,272,31,2
58,"male","3514",2264,220,232,49,4
38,"male","3514",2769,206,343,48,1
45,"male","3515",2531,219,268,20,7
53,"female","9731",2004,152,304,20,4
85,"female","1036",2036,47,355,56,4
89,"male","3542",1932,70,184,88,6
58,"female","5033",1944,210,196,52,1
78,"female","5014",1822,85,356,20,4
84,"male","4811",2118,220,213,38,2
84,"female","6224",1640,153,168,56,3
50,"male","6514",2224,160,421,59,1
36,"female","2014",2068,30,366,39,2
43,"male","5634",2368,220,199,60,1
78,"female","5022",2280,110,449,20,4
35,"female","6221",2675,94,415,58,2
47,"male","4811",2448,132,439,20,5
88,"female","4816",2250,130,335,63,4
26,"male","9711",2199,135,331,33,2
63,"male","3026",2242,156,393,20,4
55,"male","6211",1964,101,210,91,4
53,"other","3026",1876,117,306,20,9
59,"female","3534",1968,140,224,71,5
81,"male","5646",2291,220,323,24,6
38,"male","5644",2103,151,129,107,1
47,"male","9731",1904,117,330,20,5
46,"male","4822",2035,30,129,131,2
36,"male","6221",2756,167,492,59,5
88,"male","8927",2042,50,346,41,7
42,"female","1028",1382,97,246,38,2
86,"male","1825",1772,69,187,67,5
53,"other","3026",2066,98,353,20,6
23,"male","5634",2029,155,225,63,2
45,"female","4822",1894,195,80,92,2
23,"other","3548",2252,160,184,62,2
32,"female","9712",2355,77,225,138,2
29,"male","1033",1910,72,187,107,6
66,"male","3026",1639,38,340,22,4
30,"male","6535",2115,124,321,30,4
63,"female","9712",2053,81,150,103,3
35,"male","1813",2178,30,476,20,5
65,"female","1036",1956,111,231,89,4
44,"male","4825",2575,91,426,42,2
67,"female","5622",2033,200,282,20,3
87,"male","3041",1859,185,201,20,4
77,"female","1036",1344,53,243,42,5
36,"female","9728",1973,117,347,20,1
33,"male","3534",2514,34,503,32,4
39,"male","3511",2384,50,143,158,2
80,"female","9735",1941,44,259,80,1
72,"male","8927",2756,217,375,50,5
77,"female","9721",1860,78,325,33,4
56,"female","4817",1928,43,252,66,4
82,"male","4811",2055,107,248,90,5
32,"female","9712",1534,148,80,36,2
25,"male","5045",2387,220,167,52,5
89,"male","4811",2210,73,409,20,3
70,"female","5014",2049,104,418,20,1
29,"female","2545",2218,35,173,141,4
33,"male","6224",1931,160,148,53,4
58,"male","1033",2184,30,480,33,8
68,"female","5022",1887,173,334,20,4
24,"male","3023",2565,97,233,145,0
70,"male","3548",2494,220,217,69,3
78,"female","2014",1983,85,299,47,3
84,"male","3023",2160,82,219,97,1
31,"male","3542",1920,99,195,72,2
18,"male","6535",2115,78,347,53,3
24,"male","8921",2582,89,303,128,5
42,"male","3026",2236,176,395,20,2
24,"male","6224",1948,51,378,20,5
78,"male","4811",2055,147,172,66,4
27,"male","3516",1892,129,195,30,1
47,"male","8921",2268,38,303,71,0
86,"male","6216",2498,161,334,35,4
57,"female","5646",2146,220,279,51,2
87,"female","6211",1936,61,373,20,6
28,"female","5033",2429,80,364,89,1
43,"female","9735",2032,220,80,20,1
35,"male","5632",2065,154,299,36,3
86,"male","5621",2123,30,325,75,1
80,"female","1035",1890,96,267,57,10
79,"male","5025",2029,218,282,20,6
80,"female","9728",1845,192,185,39,1
58,"male","1033",2481,220,282,20,1
62,"male","5025",1555,114,301,20,7
84,"female","5634",1557,43,202,53,5
89,"other","4825",1984,139,251,20,2
79,"female","1036",1344,75,128,85,10
26,"female","6535",1715,126,206,35,3
57,"female","6211",2130,90,324,49,6
71,"female","2545",2024,83,359,43,4
89,"female","3542",1808,168,144,54,7
26,"male","9711",2394,218,150,129,0
71,"female","3534",2141,153,291,71,3
62,"male","5014",1814,85,257,52,6
22,"female","5646",2487,136,490,29,7
55,"male","5634",2307,153,232,79,2
19,"female","3511",2712,81,251,130,0
65,"female","1035",2240,57,448,55,5
83,"female","3023",2096,85,251,107,1
45,"female","3023",2071,131,301,54,2
50,"female","1023",2023,177,271,20,5
88,"female","1825",1949,49,356,20,7
61,"male","1028",1789,30,232,71,6
29,"male","8912",2281,220,157,57,1
51,"male","3026",1668,212,154,21,3
61,"female","5014",2140,154,289,20,6
24,"male","5012",2060,164,228,75,1
41,"female","5014",2435,31,488,20,8
87,"male","3516",2028,87,216,98,4
47,"male","5022",2474,220,268,20,5
89,"male","3035",2330,35,379,65,6
21,"male","6535",2295,101,481,20,5
85,"female","1023",2032,78,430,20,5
74,"other","3531",2255,79,311,70,4
57,"male","4816",2454,41,429,91,5
61,"female","4822",1909,44,323,58,3
78,"male","1823",2084,195,247,45,3
69,"male","8912",2324,94,414,25,4
20,"female","4811",2519,30,458,38,4
37,"male","3515",2208,214,353,20,2
28,"female","4811",2754,103,474,34,2
44,"male","9731",2284,120,385,28,1
42,"male","3531",2233,195,314,20,2
56,"male","3534",2410,75,325,93,3
82,"male","9712",2088,136,328,37,5
30,"male","3514",2597,206,332,20,1
39,"male","8912",2259,205,270,65,2
39,"male","8912",2259,154,230,68,3
70,"male","1823",2367,182,424,20,5
79,"female","5014",2096,195,314,39,8
77,"female","9721",1734,147,80,93,5
87,"female","4825",1550,75,266,39,5
78,"female","5045",2249,59,366,38,5
66,"female","6216",1822,119,206,57,4
54,"female","1825",1733,30,209,67,3
65,"female","1825",1811,49,300,42,3
40,"male","3023",1922,99,282,40,3
87,"female","1036",1971,30,380,43,3
29,"male","3514",2597,220,212,29,1
40,"male","1023",2124,158,291,20,6
24,"female","2517",2261,109,542,23,5
81,"female","1825",1847,49,237,59,2
81,"female","3041",1668,44,302,40,3
24,"male","6224",1994,160,258,31,0
47,"female","1825",2151,178,203,58,3
78,"male","1823",2156,91,434,20,7
40,"male","5014",2455,168,439,20,4
28,"female","9731",2212,124,250,73,0
88,"male","5646",2139,77,403,20,7
54,"male","9731",2066,118,357,20,9
39,"male","6224",1785,220,136,20,4
81,"female","6514",1789,55,257,43,6
48,"female","1033",2012,90,287,49,2
28,"male","3515",1749,64,303,22,4
39,"male","2014",2153,168,408,20,5
51,"female","1823",1886,116,291,20,8
44,"female","4817",1632,185,241,20,2
28,"female","9712",1937,54,192,121,3
69,"male","8912",2133,156,325,27,2
19,"female","5033",2459,123,289,103,5
22,"female","2517",2234,114,439,25,2
65,"female","9731",1345,57,256,27,2
56,"female","1023",2117,177,333,30,3
32,"female","9721",1788,97,199,20,2
41,"female","9728",1803,76,321,30,1
70,"female","5646",2239,59,426,20,5
28,"female","3531",2416,30,474,43,8
47,"female","2545",2184,109,147,104,8
32,"female","5014",2119,220,287,20,3
37,"female","6211",2071,96,103,75,1
26,"male","4822",1785,85,186,82,2
51,"male","6535",2021,30,385,28,4
40,"male","2517",2752,220,438,20,5
70,"female","4822",1738,30,196,74,1
72,"male","2014",2023,74,298,71,5
47,"female","1825",2050,144,221,47,3
59,"female","3534",2053,33,297,51,1
83,"female","3023",2352,63,219,151,3
44,"male","9731",1943,78,298,57,0
18,"male","4817",2308,30,483,26,1
67,"male","9735",2272,115,195,92,2
71,"female","9735",2019,88,173,125,2
46,"female","5632",2260,151,437,20,4
21,"female","4825",1827,46,288,61,1
69,"male","4816",2613,220,185,69,5
56,"female","4817",1740,98,267,45,3
52,"female","1825",1965,34,367,27,4
42,"male","5012",2085,220,127,68,1
41,"male","8927",2487,201,394,29,6
26,"male","5014",2282,220,142,43,10
56,"female","5622",2019,220,282,20,1
31,"male","3026",2357,134,435,20,3
68,"female","4816",1928,82,294,31,1
84,"female","4811",2271,220,237,24,0
41,"male","5646",2418,46,359,43,4
28,"female","5025",1981,110,257,56,2
19,"male","5025",2246,55,460,33,4
37,"male","3514",2597,79,358,123,3
60,"female","3515",1947,41,231,88,4
77,"male","2517",2353,92,435,20,2
41,"male","9711",1922,93,187,112,1
36,"male","1036",1940,123,253,53,2
48,"male","4817",1942,210,226,62,5
21,"male","1813",2365,117,406,26,7
34,"female","2517",2537,220,301,41,5
84,"male","5025",1880,89,369,20,7
87,"male","2545",2524,63,250,138,6
85,"male","5646",2547,112,484,23,3
74,"female","5014",1963,82,369,20,6
22,"female","5612",2097,41,452,26,5
59,"female","2014",2178,178,235,76,2
88,"female","9721",1861,78,315,28,2
75,"female","4817",1784,130,267,32,4
67,"male","3024",2296,142,317,42,1
68,"female","8912",2049,137,344,20,2
31,"male","3024",2243,63,318,70,5
44,"male","1031",2044,30,272,80,1
80,"female","1033",1696,149,218,23,2
74,"female","5634",1200,220,131,45,6
75,"female","9728",2059,30,260,90,4
34,"male","5025",2074,220,236,20,4
48,"female","1028",2212,107,303,66,2
60,"male","5634",2413,139,232,94,3
46,"male","2014",2149,168,365,20,4
79,"male","1035",2413,207,288,28,3
70,"female","5014",1750,126,306,20,7
67,"male","5022",2557,171,380,33,7
20,"female","4825",1909,89,295,40,6
18,"male","1046",2559,220,266,33,2
46,"male","3548",2498,118,421,50,5
88,"female","5022",1928,59,392,20,6
39,"male","3511",2384,112,277,97,3
37,"male","5621",1961,48,351,40,4
19,"female","5014",2712,181,424,75,7
28,"female","4811",2426,69,237,143,4
55,"female","3531",2106,105,115,92,2
62,"male","8912",2324,92,375,42,4
67,"male","5632",1802,30,342,41,4
50,"female","1813",2286,164,408,21,2
74,"male","5612",2623,206,268,82,2
58,"male","1035",2234,207,207,60,6
68,"male","2517",2187,121,395,20,8
29,"female","5644",1946,90,287,52,2
64,"male","8912",2103,220,284,20,5
24,"male","3511",2315,81,219,130,0
57,"female","5612",2078,95,286,20,3
30,"male","4811",2516,191,323,32,1
68,"male","5621",1736,69,234,43,2
55,"female","2517",2352,67,490,20,4
87,"male","9712",2091,64,534,20,1
31,"female","5025",1761,153,243,20,2
25,"male","3024",2374,119,160,158,5
33,"male","4822",1931,220,139,105,1
72,"female","5634",1682,37,188,69,3
25,"female","2545",2509,30,243,162,3
61,"male","2545",2196,124,408,21,2
23,"female","8927",2351,220,167,20,5
18,"male","2517",2449,165,333,75,3
66,"female","9728",2237,55,350,84,4
80,"female","5621",1367,30,210,33,3
74,"female","3511",2049,30,410,44,6
88,"female","2517",1650,30,254,69,8
89,"male","1028",1377,30,172,75,5
66,"female","6514",1417,38,292,42,8
29,"male","1825",2312,220,280,78,4
25,"male","3531",2387,103,368,51,4
24,"female","1035",2260,163,183,93,1
26,"male","3026",1945,83,387,20,6
54,"male","3542",2232,220,150,42,4
29,"male","5025",1696,89,230,55,6
41,"female","5014",2001,220,236,20,8
72,"female","8921",2121,51,344,44,4
35,"female","8927",2673,126,461,28,2
58,"female","2517",1968,30,410,28,6
36,"male","3026",2597,212,363,22,6
56,"male","1028",1758,90,225,49,2
77,"male","1036",2196,184,181,66,9
76,"male","3515",2272,149,431,20,6
75,"female","4817",1784,106,295,31,5
59,"male","9721",2087,62,262,98,1
74,"female","2545",2281,142,332,43,3
55,"female","8927",2479,184,359,30,5
42,"male","5012",2126,176,325,41,1
46,"male","2014",2149,30,438,20,3
20,"male","1035",2390,118,183,138,2
86,"male","5634",2016,220,151,39,6
70,"male","8912",2615,30,421,91,2
62,"male","1823",2277,210,263,20,7
19,"female","5033",2398,144,279,73,2
85,"female","3516",1626,34,237,74,1
26,"female","5646",1959,220,192,20,1
21,"male","2014",2369,48,202,137,3
22,"male","4817",2308,82,305,77,2
45,"male","5621",2044,56,314,99,1
84,"female","4811",2271,220,237,37,1
89,"female","4817",1760,62,237,62,3
81,"male","6535",1985,220,198,20,2
67,"female","4816",2341,30,332,94,6
30,"male","5634",2368,190,299,29,5
33,"male","5014",2031,176,334,20,4
37,"male","5621",1845,35,300,50,3
49,"male","6514",2178,220,237,50,1
28,"male","5025",2326,30,522,37,0
54,"female","5612",2117,50,464,28,2
25,"male","2517",2225,220,253,20,4
65,"male","5025",1870,129,223,20,6
24,"male","5012",2510,60,378,75,1
41,"male","1033",2080,30,330,66,4
54,"female","9735",2032,30,192,120,1
33,"male","3516",2076,139,246,104,1
47,"male","5612",2155,30,474,20,0
19,"male","3023",2565,66,429,59,0
87,"female","1035",1912,119,263,56,7
61,"female","4811",2237,88,414,20,8
57,"male","5033",2609,148,273,89,2
32,"female","3514",2311,198,272,30,2
25,"male","4816",2512,137,442,27,2
55,"male","5632",2270,149,293,46,1
88,"female","5621",1819,62,300,45,3
29,"other","3035",2853,151,500,38,3
56,"female","5616",2094,79,429,20,3
44,"female","4817",1632,195,179,20,2
54,"female","1825",1733,104,145,80,2
30,"female","5646",1863,220,227,20,3
78,"male","4817",2180,215,244,41,4
58,"female","5646",1903,208,216,28,3
41,"female","6514",1970,203,126,67,4
40,"female","5644",1654,73,150,103,2
66,"female","3516",1788,169,246,20,2
39,"male","3511",2566,187,216,71,1
86,"other","3511",1741,30,169,103,6
24,"female","1023",2162,72,430,20,3
30,"female","3542",1816,101,195,55,2
81,"female","4825",2055,165,265,44,6
48,"male","5014",2755,220,334,22,6
43,"female","3511",2232,64,420,39,3
73,"male","5612",2242,57,259,107,7
38,"male","3515",2537,185,361,31,4
62,"female","1823",1716,140,276,48,7
38,"female","3024",2401,99,393,51,2
71,"male","2517",2213,114,417,23,4
74,"male","5045",2088,83,395,20,5
22,"male","4825",2193,68,462,20,4
46,"female","5634",1991,76,234,71,1
79,"female","5616",2175,66,283,92,6
18,"other","6221",2280,220,254,20,3
76,"female","9711",1912,128,256,50,2
87,"female","5033",1531,30,292,52,1
66,"female","5612",1979,90,315,20,4
25,"female","4825",2270,30,452,47,1
71,"female","1028",1504,147,97,36,3
34,"female","5012",2402,135,273,86,3
79,"female","5621",1929,97,236,75,4
41,"male","3515",2566,135,473,20,4
38,"male","2014",2095,30,452,20,4
76,"female","6211",2404,60,418,60,10
61,"male","3534",2568,220,209,45,5
47,"female","5632",2421,31,435,79,2
88,"male","1028",1377,45,155,80,5
23,"other","2517",2230,114,481,25,9
32,"female","1033",1858,175,261,20,1
51,"male","3511",1942,220,190,20,2
39,"male","1823",2065,207,305,20,6
32,"female","2517",1928,89,294,20,4
72,"female","8927",2275,220,249,20,8
81,"female","4811",2271,84,395,33,1
71,"female","5621",1587,61,210,20,3
37,"male","1825",2537,79,378,62,4
42,"female","5622",2208,91,410,20,5
76,"male","4811",1952,70,372,24,4
79,"female","6211",1735,30,257,43,3
28,"male","5045",2185,52,202,140,4
55,"other","4817",2172,220,242,20,4
47,"female","1825",2044,201,259,46,5
58,"female","5621",1227,79,199,20,2
44,"male","5612",2322,172,382,20,3
41,"male","1031",2044,55,332,52,4
60,"female","6535",1823,107,217,57,5
66,"female","3041",1654,89,206,60,6
89,"male","1028",1654,30,193,74,7
68,"female","5022",2235,220,263,20,5
72,"female","8927",2684,115,294,90,5
88,"female","1825",1808,76,237,57,3
67,"male","6514",2034,95,360,20,5
77,"male","6224",1903,139,169,26,5
50,"female","4822",1884,51,152,131,3
25,"male","1028",1897,80,180,113,1
20,"male","5634",1903,115,347,20,1
42,"female","1823",2012,163,251,58,2
37,"male","3026",2482,120,380,63,1
56,"male","2014",1951,53,406,20,0
63,"female","1046",1479,51,223,63,3
45,"male","6535",1785,30,402,20,3
49,"male","1028",1947,34,221,66,1
62,"female","8912",2186,105,310,64,3
78,"male","5622",2130,144,348,20,4
58,"male","1046",2306,71,370,47,4
61,"female","1823",1823,122,306,20,4
19,"female","3035",2184,90,368,28,3
72,"male","9721",2200,149,243,77,3
43,"male","5012",2178,220,82,92,7
24,"male","8921",2401,89,304,91,2
26,"female","2517",2487,115,490,29,2
39,"female","9731",1894,99,282,20,2
69,"male","1046",2157,33,255,125,5
51,"female","2545",1740,105,315,23,3
61,"male","6535",2021,30,425,22,3
72,"female","5634",1663,147,124,84,5
25,"female","6514",2359,96,239,95,3
61,"female","1023",2219,84,481,21,5
88,"female","4816",1504,30,290,40,10
69,"male","3041",2068,30,308,75,7
89,"male","6216",2243,129,250,94,7
48,"male","1035",2497,60,441,87,1
46,"female","6224",1759,174,130,56,5
41,"male","6216",2351,54,311,76,1
52,"male","8921",2555,132,273,70,3
78,"female","8921",2169,218,232,31,0
66,"male","9735",2135,30,267,98,1
68,"female","8912",2049,220,269,20,4
54,"female","3514",1943,136,337,30,6
37,"male","9711",2150,177,229,41,0
50,"male","8921",2781,94,434,59,3
40,"male","5014",2455,193,410,20,2
46,"female","1823",1791,52,418,20,4
20,"male","1825",2173,220,177,50,6
87,"male","5634",1859,47,264,67,6
75,"female","1028",1392,62,172,78,4
23,"male","5022",2375,190,427,20,6
74,"male","5622",2482,137,441,20,4
18,"female","9711",2016,85,386,68,3
89,"other","5616",2306,183,389,20,2
47,"female","2517",2093,178,353,20,3
65,"female","1036",1888,104,202,68,5
51,"male","5632",2748,148,227,131,2
42,"female","3534",1709,42,250,56,7
58,"female","5033",1730,61,178,103,3
29,"female","3542",1911,164,199,20,3
21,"female","1825",2350,44,326,82,2
56,"male","1028",2657,30,263,122,2
61,"male","3534",2315,92,336,43,1
27,"female","5632",2779,208,343,20,2
51,"female","3511",2223,69,225,110,7
38,"female","5045",2467,44,358,67,2
46,"male","3548",2216,40,485,20,8
70,"male","1036",2252,30,195,145,2
86,"male","5644",1790,30,314,43,6
59,"female","9711",2052,201,209,58,2
49,"male","8921",2126,30,303,82,2
71,"male","9711",1827,220,128,99,0
70,"female","1035",2033,101,255,49,1
36,"male","3026",1943,85,329,32,6
48,"female","9728",2465,30,533,20,5
58,"male","5012",2102,92,348,29,0
87,"male","5646",1956,40,330,39,5
57,"male","1036",2630,30,337,119,4
42,"male","3041",2325,220,118,62,4
79,"male","5033",2213,51,465,66,2
64,"female","1035",1983,220,214,71,4
87,"male","3024",1892,60,307,33,2
79,"female","3511",1344,62,155,76,3
41,"female","4822",1894,104,279,52,2
69,"female","4816",1677,44,340,20,4
58,"male","2517",2234,220,249,20,7
39,"female","4825",2527,160,431,59,2
88,"male","3515",1932,158,324,20,3
78,"female","5646",1485,82,282,41,6
68,"male","5022",2187,220,237,29,3
32,"male","1046",2070,81,324,63,4
37,"male","2014",2516,141,412,20,3
60,"female","3511",2146,70,415,34,10
21,"male","1028",1938,72,188,111,2
64,"female","1046",1802,65,375,20,1
70,"male","1825",2086,188,259,35,3
30,"female","5622",2671,78,474,20,7
47,"male","3515",2178,36,430,22,7
60,"male","3542",2212,31,314,68,3
78,"female","9721",1551,68,123,91,4
35,"female","3041",2082,122,253,78,1
77,"female","5022",1647,214,165,57,7
18,"male","5022",2646,220,268,39,7
51,"female","5022",2223,220,310,20,4
81,"female","4825",2117,220,211,20,5
43,"female","2014",1632,40,236,47,1
34,"female","1825",2188,192,222,99,2
30,"male","6224",1994,51,404,21,4
57,"female","6216",1701,31,351,20,1
36,"male","1036",2036,40,286,57,7
84,"female","4825",2096,220,213,26,5
27,"female","5632",2322,220,172,57,3
